Name,Accession,Created Date,Description,GID,Genetic Code,Imported From: Filename,Imported From: Path,Modified,Molecule Type,Organism,Sequence,Sequence Length,Sequence List Name,Size,Taxonomy,Topology,URN,chromosome,collection_date,country,culture_collection,db_xref,isolation_source,note,strain
Aa_KAH8046391,KAH8046391.1,Fri Dec 03 00:00:00 GMT 2021,hypothetical protein JL722_13719 [Aureococcus anophagefferens],2159049062,Standard,,,Mon Jul 04 12:23:24 BST 2022,AA,Aureococcus anophagefferens,ILVQGGSLRTWSYRSPLVEQVQVVLSTEGRPLDADLELWHGPDNTPCKMRVYVENGQLRPFSCVIATPRGPNTVAIRNIGQIEFPIAADVYANDCENPSAETVSSATTIQGGALRTYPFDPLVNSVVELYTEDGLDRPFFAVLETPGSGNVVRIVNTAPVEFPMTAAVVPHSIDQDLASGKHDGDVVIGGDI,192,,8 KB,Eukaryota; Sar; Stramenopiles; Ochrophyta; Pelagophyceae; Pelagomonadales; Aureococcus,linear,urn:local:.:qq-f0oq3yk,,2020-08,,,taxon:44056,,,CCMP1707
Aa_KAH8048522,KAH8048522.1,Fri Dec 03 00:00:00 GMT 2021,hypothetical protein JL721_11920 [Aureococcus anophagefferens],2159051256,Standard,,,Mon Jul 04 12:23:25 BST 2022,AA,Aureococcus anophagefferens,ILVQGGSLRTWSYRSPLVDQVQVVLSTEGRPLDAALELWHGPDDTPCKMRVYIENALLRPFSAVIATPRGANTVAIRNIGEMEFPIAADVYASDVQNPSYDCATSATTIQGGALRSYPFDPIVDSVEVLLRTDGRPLNARIELLQGPNNNKQVVELYTEDGLDRPFFAILETPGSGNVVRVVNIAPVEFPLTAGVVPHSIDQGAASGDVVVGGDI,215,,8 KB,Eukaryota; Sar; Stramenopiles; Ochrophyta; Pelagophyceae; Pelagomonadales; Aureococcus,linear,urn:local:.:st-f0oq3yq,,2020-08,,,taxon:44056,,,CCMP1850
Aa_KAH8048812,KAH8048812.1,Fri Dec 03 00:00:00 GMT 2021,hypothetical protein JL722_12273 [Aureococcus anophagefferens],2159051553,Standard,,,Mon Jul 04 12:23:25 BST 2022,AA,Aureococcus anophagefferens,ILVQGGSLRTWSYRSPLVDQVQVVLSTEGRPLDAALELWHGPDDTPCKMRVYIENALLRPAALRSYPFDPIVDSVEVLLRTDGRPLNARIELLQGPNNNKQVVELYTEDGLDRPFFAILETPGSGNVVRVVNIAPVEFPLTAGVVPHSIDQGAASGDVVVGGDI,164,,8 KB,Eukaryota; Sar; Stramenopiles; Ochrophyta; Pelagophyceae; Pelagomonadales; Aureococcus,linear,urn:local:.:ri-f0oq3ym,,2020-08,,,taxon:44056,,,CCMP1707
Aa_KAH8050519,KAH8050519.1,Fri Dec 03 00:00:00 GMT 2021,hypothetical protein JL721_11340 [Aureococcus anophagefferens],2159053299,Standard,,,Mon Jul 04 12:23:24 BST 2022,AA,Aureococcus anophagefferens,ILVQGGSLRTWSYRSPLVDQVQVVLSTEGRPLDADLELWHGPDNTPCKMRVYVENGQLRPFSAVIATPRGPNTVAIRNIGQLEFPIAADVYANDVENPSAETGPNNNKQVIELYTEDGLDRPFAILETPGSGNVVRIVNTAPVEFPMTAAVVPHSIDDKMASGAFDGDVVIGGDI,175,,8 KB,Eukaryota; Sar; Stramenopiles; Ochrophyta; Pelagophyceae; Pelagomonadales; Aureococcus,linear,urn:local:.:tb-f0oq3ys,,2020-08,,,taxon:44056,,,CCMP1850
Aa_KAH8051471,KAH8051471.1,Fri Dec 03 00:00:00 GMT 2021,hypothetical protein JL721_11128 [Aureococcus anophagefferens],2159054271,Standard,,,Mon Jul 04 12:23:24 BST 2022,AA,Aureococcus anophagefferens,ILVQGGSLRTWSYRSPLVDQVQVVLSTEGRPLDADLELWHGPDNTPCKMRVYVENGQLRPFSAVIATPRGPNTVAIRNIGQLEFPIAADVYANDVENPSAETGPNNNKQVIELYTEDGLDRPFFAILETPGSGNVVRIVNTAPVEFPMTAAVVPHSIDDKMASGAFDGDVVIGGDI,176,,8 KB,Eukaryota; Sar; Stramenopiles; Ochrophyta; Pelagophyceae; Pelagomonadales; Aureococcus,linear,urn:local:.:ra-f0oq3yl,,2020-08,,,taxon:44056,,,CCMP1850
Aa_KAH8051472,KAH8051472.1,Fri Dec 03 00:00:00 GMT 2021,hypothetical protein JL721_11129 [Aureococcus anophagefferens],2159054272,Standard,,,Mon Jul 04 12:23:24 BST 2022,AA,Aureococcus anophagefferens,ILVQGGSLRTWSYRRLVDQVQVVLDGGPPLDADLELWHGPDNTPCKMRVYVENGQLRPFSAVIATPRGPNTVAIRNIGQLEFPIAADVYANDVENPSAETVSSATTIQGGALRTYPFDPLVNSVEVLLRTDGRPLNARIELLQGPNNNKQVIELYTEDGLDRPFFAILETPGSGNVVRIVNTAPVEFPMTAAVVPHSIDDKMASGAFDGDVVIGGDI,217,,8 KB,Eukaryota; Sar; Stramenopiles; Ochrophyta; Pelagophyceae; Pelagomonadales; Aureococcus,linear,urn:local:.:sx-f0oq3yq,,2020-08,,,taxon:44056,,,CCMP1850
Aa_KAH8051473,KAH8051473.1,Fri Dec 03 00:00:00 GMT 2021,hypothetical protein JL721_11130 [Aureococcus anophagefferens],2159054273,Standard,,,Mon Jul 04 12:23:24 BST 2022,AA,Aureococcus anophagefferens,ILVQGGSLRTWSYRSPLVDQVQVVLSTEGRPLDADLELWHGPDNTPCKMRVYVENGQLRPFSAVIATPRGPNTVAIRNIGQLEFPIAADVYANDVENPSAETVSSATTIQGGALRTYPFDPLVNSVEVLLRTDGRPLNARIELLQGPNNNKQVIELYTEDGLDRPFFAILETPGSGNVVRIVNTAPVEFPMTAAVVPHSIDDKMASGAFDGDVVIGGDI,219,,8 KB,Eukaryota; Sar; Stramenopiles; Ochrophyta; Pelagophyceae; Pelagomonadales; Aureococcus,linear,urn:local:.:ta-f0oq3ys,,2020-08,,,taxon:44056,,,CCMP1850
Aa_KAH8051660,KAH8051660.1,Fri Dec 03 00:00:00 GMT 2021,hypothetical protein JL721_11102 [Aureococcus anophagefferens],2159054463,Standard,,,Mon Jul 04 12:23:27 BST 2022,AA,Aureococcus anophagefferens,RVEGQTRKTWAFNDFSKDRVQVALTSEGRPVTADIQLWIGPDWTPFSMKAYSEDGKLRPIQTLIGTRNKAAMIEVRNNGEYEFPFSAASNYAQGAMVNKPATIPAEATTSSERVDGGALRSYPIDASVKQLEVVLKTDGKQLNARIELLNAPNNPKQTFECFTNNGELNSLCVCFNIPDEYTTVRVINLAPVEFPCNVHLNEK,203,,7 KB,Eukaryota; Sar; Stramenopiles; Ochrophyta; Pelagophyceae; Pelagomonadales; Aureococcus,linear,urn:local:.:pw-f0oq3yh,,2020-08,,,taxon:44056,,,CCMP1850
Aa_KAH8061185,KAH8061185.1,Fri Dec 03 00:00:00 GMT 2021,hypothetical protein JL722_4486 [Aureococcus anophagefferens],2159064101,Standard,,,Mon Jul 04 12:23:25 BST 2022,AA,Aureococcus anophagefferens,ILVQGGSLRTWSYKSPLVDQVQVVLSTEGRPLDADLELWHGPDNTPCKMRVYVENGQLRPFSAVVATPRGPNTVAIRNIGQIEFPIAADVYANDVENPSVDCVNSATTIQGGALRTYPFDPLVNSVEVLLRTDGRPLNARIELLQGPNNNKQVIELYTEDGFDRPFFAILETPGSGNVVRIVNTAPVEFPMTAAVVPHSLDEGGADYARGDVVIGGDI,218,,8 KB,Eukaryota; Sar; Stramenopiles; Ochrophyta; Pelagophyceae; Pelagomonadales; Aureococcus,linear,urn:local:.:rz-f0oq3yo,,2020-08,,,taxon:44056,,,CCMP1707
Aa_KAH8061186,KAH8061186.1,Fri Dec 03 00:00:00 GMT 2021,hypothetical protein JL722_4487 [Aureococcus anophagefferens],2159064102,Standard,,,Mon Jul 04 12:23:25 BST 2022,AA,Aureococcus anophagefferens,AGLRPLSAVIATPRPNTVAIRNIGQLEFPIAADVYANDVEMASEECVNSATTIQGGALRTYPFDPLVDSVEVLLRTDGRPLNARIELLQGPNNNKQVVELYTEDGLDRPFFAVLETPGSGNACAVNTAPVEFP,133,,7 KB,Eukaryota; Sar; Stramenopiles; Ochrophyta; Pelagophyceae; Pelagomonadales; Aureococcus,linear,urn:local:.:qg-f0oq3yj,,2020-08,,,taxon:44056,,,CCMP1707
Aa_KAH8061187,KAH8061187.1,Fri Dec 03 00:00:00 GMT 2021,hypothetical protein JL722_4488 [Aureococcus anophagefferens],2159064103,Standard,,,Mon Jul 04 12:23:25 BST 2022,AA,Aureococcus anophagefferens,ILVQGGSLRTWSYRSPLVEQVQVVLDGGPPADADLELWHGPDNTPCKMRVYVENGQLRPFSCVIATPRAPTPSPSATSARSSSPSPPPTPTTANPSAETVSSATTIQGGALRTYPFDPLVNSVEVLLRTDGRPLNARIELLQGPNNNKQVVELYTEDGLDRPFFAVLETPGSGNVVRIVNTAPAEFP,187,,7 KB,Eukaryota; Sar; Stramenopiles; Ochrophyta; Pelagophyceae; Pelagomonadales; Aureococcus,linear,urn:local:.:q6-f0oq3yi,,2020-08,,,taxon:44056,,,CCMP1707
Aa_KAH8061748,KAH8061748.1,Fri Dec 03 00:00:00 GMT 2021,hypothetical protein JL722_3702 [Aureococcus anophagefferens],2159064670,Standard,,,Mon Jul 04 12:23:25 BST 2022,AA,Aureococcus anophagefferens,ILVQGGSLRTWSYKSPLVNQVQVVLSTEGRPLDADLELWHGPDNTPCKMRVYVENGQLRPFSCVIATPRGPNTVAIRNIGQMEFPIAADVYANDVENPSAETAGSATTIQGGALRTYPFDPLVNSVEVLLRTDGRPLNARIELLQGPNNNKQVIELYTEDGLDRPFFAILETPGSGNVVRIVNTAPVEFPMTAAVVPHSIDDKMASGAFDGDVVIGGDI,219,,8 KB,Eukaryota; Sar; Stramenopiles; Ochrophyta; Pelagophyceae; Pelagomonadales; Aureococcus,linear,urn:local:.:rr-f0oq3yn,,2020-08,,,taxon:44056,,,CCMP1707
Aa_KAH8061749,KAH8061749.1,Fri Dec 03 00:00:00 GMT 2021,hypothetical protein JL722_3703 [Aureococcus anophagefferens],2159064671,Standard,,,Mon Jul 04 12:23:25 BST 2022,AA,Aureococcus anophagefferens,ILVQGGSLRTWSYKSPLVNQVQVVLSTEGRPLDADLELWHGPDNTPCKMRVYVENGQLRPFSCVIATPRGPNTVAIRNIGQMEFPIAADVYANDVENPSAETAGSATTIQGGALRTYPFDPLVNSVEVLLRTDGRPLNARIELLQGPNNNKQVIELYTEDGLDRPFFAILETPGSGNVVRIVNTAPVEFPMTAAVVPHSIDDKMASGAFDGDVVIGGDI,219,,8 KB,Eukaryota; Sar; Stramenopiles; Ochrophyta; Pelagophyceae; Pelagomonadales; Aureococcus,linear,urn:local:.:rc-f0oq3ym,,2020-08,,,taxon:44056,,,CCMP1707
Aa_KAH8061950,KAH8061950.1,Fri Dec 03 00:00:00 GMT 2021,hypothetical protein JL722_3908 [Aureococcus anophagefferens],2159064872,Standard,,,Mon Jul 04 12:23:24 BST 2022,AA,Aureococcus anophagefferens,MRVYVENGQLRPFSAVIATPRGPNTVAIRNIGQLEFPIAADVYANDVENPSAETVSSATTIQGGALRTYPFDPLVNSVEVLLRTDGRPLNARIELLQGPNNNKQVIELYTEDGLDRPFFAILETPGSGNVVRIVNTAPVEFPMTAAVVPHSIDDKMASGAFDGDVVIGGDI,171,,7 KB,Eukaryota; Sar; Stramenopiles; Ochrophyta; Pelagophyceae; Pelagomonadales; Aureococcus,linear,urn:local:.:si-f0oq3yp,,2020-08,,,taxon:44056,,,CCMP1707
Aa_KAH8064146,KAH8064146.1,Fri Dec 03 00:00:00 GMT 2021,hypothetical protein JL720_12944 [Aureococcus anophagefferens],2159067082,Standard,,,Mon Jul 04 12:23:24 BST 2022,AA,Aureococcus anophagefferens,ILVQGGSLRTWSYRSPLVEQVQVVLSTEGRPLDADLELWHGPDNTPCKMRVYVENGQLRPFSCVIATPRGPNTVAIRNIGQIEFPIAADVYANDCENPSAETVSSATTIQGGALRTYPFDPLVNSVVELYTEDGLDRPFFAVLETPGSGNVVRIVNTAPVEFPMTAAVVPHSIDQDLASGKHDGDVVIGGDI,192,,8 KB,Eukaryota; Sar; Stramenopiles; Ochrophyta; Pelagophyceae; Pelagomonadales; Aureococcus,linear,urn:local:.:rx-f0oq3yo,,2020-08,,,taxon:44056,strain maintained in Steven Wilhelm's lab at the University of Tennessee,,CCMP1984
Aa_KAH8068682,KAH8068682.1,Fri Dec 03 00:00:00 GMT 2021,LMBR1-like membrane protein [Aureococcus anophagefferens],2159071669,Standard,,,Mon Jul 04 12:23:27 BST 2022,AA,Aureococcus anophagefferens,TRVEGDTLKTWDVGATSTERVQLSLQSTGRPVKADVQLWTTPSYIPSKFSVYTEDGNLRPIHAVIETPIHPKTVAVYNTNAGEFPFEACVADTGLGKAKEALASFEGTLVQGGAIRSYTFGAEVASVAVLLSSAELGERNMKALIELTSGPNQVKQFFEIYCSSGYKNPFYAVIQTPDPATTIRVINQNTVEFPFEAKVVECDVADAAGSQPEMGGGS,218,,8 KB,Eukaryota; Sar; Stramenopiles; Ochrophyta; Pelagophyceae; Pelagomonadales; Aureococcus,linear,urn:local:.:px-f0oq3yh,,2020-08,,,taxon:44056,,,CCMP1850
Aa_KAH8070515,KAH8070515.1,Fri Dec 03 00:00:00 GMT 2021,hypothetical protein JL721_4907 [Aureococcus anophagefferens],2159073536,Standard,,,Mon Jul 04 12:23:24 BST 2022,AA,Aureococcus anophagefferens,ILVQGGSLRTWSYRSPLVEQVQVVLSTEGRPLDADLELWHGPDNTPCKMRVYVENGQLRPFSCVIATPRGPNTVAIRNIGQIEFPIAADVYANDCENPSAETVSSATTIQGGALRTYPFDPLVNSVEVLLRTDGRPLNARIELLQGPNNNKQVVELYTEDGLDRPFFAVLETPGSGNVVRIVNTAPVEFPMTAAVVPHSIDQDLASGKHDGDVVIGGDI,219,,8 KB,Eukaryota; Sar; Stramenopiles; Ochrophyta; Pelagophyceae; Pelagomonadales; Aureococcus,linear,urn:local:.:s4-f0oq3yo,,2020-08,,,taxon:44056,,,CCMP1850
Aa_KAH8072848,KAH8072848.1,Fri Dec 03 00:00:00 GMT 2021,"calcium, potassium:sodium antiporter [Aureococcus anophagefferens]",2159075884,Standard,,,Mon Jul 04 12:23:28 BST 2022,AA,Aureococcus anophagefferens,IRIEGGQTLKTFKMPPHAERVQYILTSPNGRPVKARVELWIGPIRCVHELIYDCMNGFDFPLKATLQFKKLSPVLKIMGDADFEFPLVAGVFVPSPEESDKIGNANKDMFYSVPLKDKVQGGSTIDDKGGAIRSFDIPPSWEKTQIMVWSTDTGKKSFKTNIEVLSGPNNQKQHLNLRCGGSTQPYHAVIDTPGSSQWVIRCNSKKYLEDGLFEIAVAPYGPTVDEGPPAVVLNSGF,237,,7 KB,Eukaryota; Sar; Stramenopiles; Ochrophyta; Pelagophyceae; Pelagomonadales; Aureococcus,linear,urn:local:.:r2-f0oq3yl,,2020-08,,,taxon:44056,,,CCMP1850
Aa_KAH8075838 ,KAH8075838.1,Fri Dec 03 00:00:00 GMT 2021,hypothetical protein JL720_10548 [Aureococcus anophagefferens],2159078899,Standard,,,Mon Jul 04 12:23:27 BST 2022,AA,Aureococcus anophagefferens,PVAADIQLWIGPDWTPFSMKAYSEDGKLRPIQTLIGTRNKAAMIEGAMVNKPATIPAEATTSSERVDGGALRSYPIDASVKQLEVVLKTDGKQLNARIELLNAPNNPKQTFECFTNNGELNSLCVCFNIPDEYTTVRVINLAPVEFPCNVHLNEREAAPPATAN,164,,8 KB,Eukaryota; Sar; Stramenopiles; Ochrophyta; Pelagophyceae; Pelagomonadales; Aureococcus,linear,urn:local:.:pv-f0oq3yh,,2020-08,,,taxon:44056,strain maintained in Steven Wilhelm's lab at the University of Tennessee,,CCMP1984
Aa_KAH8088736,KAH8088736.1,Fri Dec 03 00:00:00 GMT 2021,"calcium, potassium:sodium antiporter [Aureococcus anophagefferens]",2159091896,Standard,,,Mon Jul 04 12:23:28 BST 2022,AA,Aureococcus anophagefferens,IRIEGGQTLKTFKMPPHAERVQYILTSPNGRPVKARVELWIGPIRCVHELIYDCMNGFDFPLKATLQFKKLSPVLKIMGDADFEFPLVAGVFVPSPEESDKIGNANKDMFYSAPLKDKVQGGSTIDDKGGAIRSFDIPPSWEKTQIMVWSTDTGKKSFKTNIEVLSGPNNQKQHLNLRCGGSTQPYHAVIDTPGSSQWVIRCNSKKYLEDGLFEIAVAPYGPTVDEGPPAVVLNSGF,237,,8 KB,Eukaryota; Sar; Stramenopiles; Ochrophyta; Pelagophyceae; Pelagomonadales; Aureococcus,linear,urn:local:.:pu-f0oq3yh,,2020-08,,,taxon:44056,strain maintained in Steven Wilhelm's lab at the University of Tennessee,,CCMP1984
Aa_KAH8093456,KAH8093456.1,Fri Dec 03 00:00:00 GMT 2021,hypothetical protein JL720_4590 [Aureococcus anophagefferens],2159096729,Standard,,,Mon Jul 04 12:23:25 BST 2022,AA,Aureococcus anophagefferens,ILAMFDEDSSGGSLRTWSYKSPLVDQVQVVLSTEGRPLDADLELWHGPDNTPCKMRVYVENGQLRPFSAVVATPRGPNTVAIRNIGQIEFPIAADVYANDVENPSVDCVNSATTIQGGALRTYPFDPLVNSVEVLLRTDGRPLNARIELLQGPNNNKQVIELYTEDGFDRPFFAILETPGSGNVVRIVNTAPVEFPMTAAVVPHSLDEGGADYARGDVVIGGDI,224,,8 KB,Eukaryota; Sar; Stramenopiles; Ochrophyta; Pelagophyceae; Pelagomonadales; Aureococcus,linear,urn:local:.:t0-f0oq3yr,,2020-08,,,taxon:44056,strain maintained in Steven Wilhelm's lab at the University of Tennessee,,CCMP1984
Aa_KAH8093457,KAH8093457.1,Fri Dec 03 00:00:00 GMT 2021,hypothetical protein JL720_4591 [Aureococcus anophagefferens],2159096730,Standard,,,Mon Jul 04 12:23:25 BST 2022,AA,Aureococcus anophagefferens,ILVQGGSLRTWSYKSPLVDQVQVVLSTEGRPLDADLELWHGPDNTPCKMRVYVENGQLRPFSAVIATPRGPNTVAIRNIGQLEFPIAADVYANDVEMASEECVNSATTIQGGALRTYPFDPLVDSVEVLLRTDGRPLNARIELLQGPNNNKQVVELYTEDGLDRPFFAVLETPGSATPRASSTRRPSSSP,190,,8 KB,Eukaryota; Sar; Stramenopiles; Ochrophyta; Pelagophyceae; Pelagomonadales; Aureococcus,linear,urn:local:.:sq-f0oq3yq,,2020-08,,,taxon:44056,strain maintained in Steven Wilhelm's lab at the University of Tennessee,,CCMP1984
Aa_KAH8093458,KAH8093458.1,Fri Dec 03 00:00:00 GMT 2021,hypothetical protein JL720_4592 [Aureococcus anophagefferens],2159096731,Standard,,,Mon Jul 04 12:23:24 BST 2022,AA,Aureococcus anophagefferens,ILVQGGSLRTWSYRSPLVEQLRPFSCVIATPRGPNTVAIRNIGQIEFPIAADAYANDANPSAETVSSATTIQGGALRTYPFDPLVNSVEVLLRTDGRPLNARIELLQGPNNNKQVVELYTEDGLDRPFFAVLETPGSGNVVRIVNTAPVEFPMTAAVVPHSIDQDLASGKHDGDVVIGGDI,181,,8 KB,Eukaryota; Sar; Stramenopiles; Ochrophyta; Pelagophyceae; Pelagomonadales; Aureococcus,linear,urn:local:.:sd-f0oq3yp,,2020-08,,,taxon:44056,strain maintained in Steven Wilhelm's lab at the University of Tennessee,,CCMP1984
Aa_KAH8093667,KAH8093667.1,Fri Dec 03 00:00:00 GMT 2021,hypothetical protein JL720_4817 [Aureococcus anophagefferens],2159096940,Standard,,,Mon Jul 04 12:23:25 BST 2022,AA,Aureococcus anophagefferens,ILVQGGSLRRVVLPPLVDQVQVVLSTEGRPLDAALELWHGPDDTPCKMRVYIENALLRPFSAVIATPRGANTVAIRNIGEMEFPIAADVYASDVQNPSYDCATSATTIQGGALRSYPFDPIVNAVEVLLKTDGRPLNARIELLQGPNNNKQVVELYTEDGLDRPFFAILETPGSGSVVRVVNIAPVEFPLTAGVVPHSIDQGAASGDVVVGGDI,214,,9 KB,Eukaryota; Sar; Stramenopiles; Ochrophyta; Pelagophyceae; Pelagomonadales; Aureococcus,linear,urn:local:.:pr-f0oq3yh,,2020-08,,,taxon:44056,strain maintained in Steven Wilhelm's lab at the University of Tennessee,,CCMP1984
Aa_KAH8096510,KAH8096510.1,Fri Dec 03 00:00:00 GMT 2021,hypothetical protein JL720_3885 [Aureococcus anophagefferens],2159099929,Standard,,,Mon Jul 04 12:23:25 BST 2022,AA,Aureococcus anophagefferens,ILVQGGSLRTWSYKSPLVNQLRPFSCVIATPRGPNTVAIRNIGQMEFPIAAGVANDAEPLRRDRRLGHDHPGRRAPHVPVRPLVNSVEVLLRTDGRPLNARIELLQGPNNNKQVIELYTEDGLDRPFFAILETPGSGNVVRIVNTAPVEFPMTAAVVPHSIDDKMASGAFDGDVVIGGDI,180,,8 KB,Eukaryota; Sar; Stramenopiles; Ochrophyta; Pelagophyceae; Pelagomonadales; Aureococcus,linear,urn:local:.:ro-f0oq3yn,,2020-08,,,taxon:44056,strain maintained in Steven Wilhelm's lab at the University of Tennessee,,CCMP1984
Aa_XP_009033586,XP_009033586.1,Thu Sep 04 00:00:00 BST 2014,hypothetical protein AURANDRAFT_61510 [Aureococcus anophagefferens],676380615,Standard,,,Mon Jul 04 12:23:27 BST 2022,AA,Aureococcus anophagefferens,QRVEGQTRKTWAFNDFSKDRVQVALTSEGRPVTADIQLWIGPDWTPFSMKAYSEDGKLRPIQTLIGTRNKAAMIEVRNNGEYEFPFSAASNYAQGAMVNKPATIPAEATTSSERVDGGALRSYPIDASVKQLEVVLKTDGKQLNARIELLNAPNNPKQTFECFTNNGELNSLCVCFNIPDEYTTVRVINLAPVEFPCNVHLNEK,204,,9 KB,Eukaryota; Sar; Stramenopiles; Ochrophyta; Pelagophyceae; Pelagomonadales; Aureococcus,linear,urn:local:.:qo-f0oq3yj,Unknown,,,,taxon:44056,,,CCMP1984
Aa_XP_009034053,XP_009034053.1,Thu Sep 04 00:00:00 BST 2014,hypothetical protein AURANDRAFT_70817 [Aureococcus anophagefferens],676381549,Standard,,,Mon Jul 04 12:23:28 BST 2022,AA,Aureococcus anophagefferens,IRIEGGQTLKTFKMPPHAERVQYILTSPNGRPVKARVELWIGPIRCVHELIYDCMNGFDFPLKATLQFKKLSPVLKIMGDADFEFPLVAGVFVPSPEESDKIGNANKDMFYSAPLKDKVQGGSTIDDKGGAIRSFDIPPSWEKTQIMVWSTDTGKKSFKTNIEVLSGPNNQKQHLNLRCGGSTQPYHAVIDTPGSSQWVIRCNSKKYLEDGLFEIAVAPYGPTVDEGPPAVVLNSGF,237,,11 KB,Eukaryota; Sar; Stramenopiles; Ochrophyta; Pelagophyceae; Pelagomonadales; Aureococcus,linear,urn:local:.:sw-f0oq3yq,Unknown,,,,taxon:44056,,,CCMP1984
Aa_XP_009036550,XP_009036550.1,Thu Sep 04 00:00:00 BST 2014,expressed protein [Aureococcus anophagefferens],676386543,Standard,,,Mon Jul 04 12:23:25 BST 2022,AA,Aureococcus anophagefferens,ILVQGGSLRTWSYKSPLVNQVQVVLSTEGRPLDADLELWHGPDNTPCKMRVYVENGQLRPFSCVIATPRGPNTVAIRNIGQMEFPIAADVYANDVENPSAETAGSATTIQGGALRTYPFDPLVNSVEVLLRTDGRPLNARIELLQGPNNNKQVIELYTEDGLDRPFFAILETPGSGNVVRIVNTAPVEFPMTAAVVPHSIDDKMASGAFDGDVVIGGDI,219,,10 KB,Eukaryota; Sar; Stramenopiles; Ochrophyta; Pelagophyceae; Pelagomonadales; Aureococcus,linear,urn:local:.:po-f0oq3yg,Unknown,,,,taxon:44056,,,CCMP1984
Aa_XP_009036551,XP_009036551.1,Thu Sep 04 00:00:00 BST 2014,expressed protein [Aureococcus anophagefferens],676386545,Standard,,,Mon Jul 04 12:23:25 BST 2022,AA,Aureococcus anophagefferens,ILVQGGSLRTWSYKSPLVDQVQVVLSTEGRPLDADLELWHGPDNTPCKMRVYVENGQLRPFSCVIATPRGPNTVSIRNIGQMEFPIAADVYANDVENPSVDTINSATTIQGGALRTYPFDPLVNSVEVLLRTDGRPLNARIELLQGPNNNKQVIELYTEDGMDRPFFAILETPGSGNVVRIVNTAPVEFPMTAGVVPHSIDDQMASGAFDGDVVIGGDI,219,,10 KB,Eukaryota; Sar; Stramenopiles; Ochrophyta; Pelagophyceae; Pelagomonadales; Aureococcus,linear,urn:local:.:sn-f0oq3yp,Unknown,,,,taxon:44056,,,CCMP1984
Aa_XP_009037623,XP_009037623.1,Thu Sep 04 00:00:00 BST 2014,hypothetical protein AURANDRAFT_64743 [Aureococcus anophagefferens],676388689,Standard,,,Mon Jul 04 12:23:27 BST 2022,AA,Aureococcus anophagefferens,TRVEGDTLKTWDVGATSTERVQLSLQSTGRPVKADVQLWTTPSYIPSKFSVYTEDGNLRPIHAVIETPIHPKTVAVYNTNAGEFPFEACVADTGLGKAKEALASFEGTLVQGGAIRSYTFGAEVASVAVLLSSAELGERNMKALIELTSGPNQVKQFFEIYCSSGYKNPFYAVIQTPDPATTIRVINQNTVEFPFEAKVVECDVADAAGSQPEMGGGS,218,,12 KB,Eukaryota; Sar; Stramenopiles; Ochrophyta; Pelagophyceae; Pelagomonadales; Aureococcus,linear,urn:local:.:su-f0oq3yq,Unknown,,,,taxon:44056,,,CCMP1984
Aa_XP_009041422,XP_009041422.1,Thu Sep 04 00:00:00 BST 2014,expressed protein [Aureococcus anophagefferens],676396289,Standard,,,Mon Jul 04 12:23:24 BST 2022,AA,Aureococcus anophagefferens,ILVQGGSLRTWSYRSPLVDQVQVVLSTEGRPLDADLELWHGPDNTPCKMRVYVENGQLRPFSAVIATPRGPNTVAIRNIGQIEFPIAADVYANDVENPSAETVSSATTIQGGALRTYPFDPLVNSVEVLLRTDGRPLNARIELLQGPNNNKQVIELYTEDGLDRPFFAILETPGSGNVVRIVNTAPVEFPMTAAVVPHSIDDKMASGAFDGDVVIGGDI,219,,10 KB,Eukaryota; Sar; Stramenopiles; Ochrophyta; Pelagophyceae; Pelagomonadales; Aureococcus,linear,urn:local:.:s8-f0oq3yo,Unknown,,,,taxon:44056,,,CCMP1984
Aa_XP_009041423,XP_009041423.1,Thu Sep 04 00:00:00 BST 2014,hypothetical protein AURANDRAFT_67671 [Aureococcus anophagefferens],676396291,Standard,,,Mon Jul 04 12:23:24 BST 2022,AA,Aureococcus anophagefferens,ILVQGGSLRTWSYRSPLVDQVQVVLSTEGRPLDADLELWHGPDNTPCKMRVYVENGQLRPFSAVIATPRGPNTVAIRNIGQLEFPIAADVYANDVENPSAETVSSATTIQGGALRTYPFDPLVNSVEVLLRTDGRPLNARIELLQGPNNNKQVIELYTEDGLDRPFFAILETPGSGNVVRIVNTAPVEFPMTAAVVPHSIDDKMASGAFDGDVVIGGDI,219,,10 KB,Eukaryota; Sar; Stramenopiles; Ochrophyta; Pelagophyceae; Pelagomonadales; Aureococcus,linear,urn:local:.:ry-f0oq3yo,Unknown,,,,taxon:44056,,,CCMP1984
Aa_XP_009041425,XP_009041425.1,Thu Sep 04 00:00:00 BST 2014,hypothetical protein AURANDRAFT_67669 [Aureococcus anophagefferens],676396295,Standard,,,Mon Jul 04 12:23:24 BST 2022,AA,Aureococcus anophagefferens,ILVQGGSLRTWSYRSPLVDQVQVVLSTEGRPLDADLELWHGPDNTPCKMRVYVENGQLRPFSAVIATPRGPNTVAIRNIGQLEFPIAADVYANDVENPSAETVSSATTIQGGALRTYPFDPLVNSVEVLLRTDGRPLNARIELLQGPNNNKQVIELYTEDGLDRPFFAILETPGSGNVVRIVNTAPVEFPMTAAVVPHSIDDKMASGAFDGDVVIGGDI,219,,12 KB,Eukaryota; Sar; Stramenopiles; Ochrophyta; Pelagophyceae; Pelagomonadales; Aureococcus,linear,urn:local:.:rb-f0oq3yl,Unknown,,,,taxon:44056,,,CCMP1984
Ab_NCY17740.1,,Mon May 30 15:48:23 BST 2022,A new protein sequence entered manually,,,,,Mon Jul 04 12:23:25 BST 2022,AA,Actinobacteria bacterium,ILVQGGSLRTWSYRSPSVEQVQVVLSTEGRPLDADIELWHGPDNTPCKMRVYVENGQLRPFSAVIETPRGPNTVAIRNIGQIEFPIAANVVADQVDTPSEHCIAASATIQGGALRTYPFDPTVDSVEVLLKTDGRPLNARIELLQGPNNNKQVIELYTEDGLDRPFFCVLETPGSGNVIRIVNTAPVEFPMTAGVVPHTINDDMSSHDVI,210,,1 KB,,linear,urn:local:.:sc-f0oq3yp,,,,,,,,
Ct_GFH46958,GFH46958.1,Fri Nov 26 00:00:00 GMT 2021,hypothetical protein CTEN210_03433 [Chaetoceros tenuissimus],2156358824,Standard,,,Mon Jul 04 12:23:26 BST 2022,AA,Chaetoceros tenuissimus,VVVQGGALRTCSFNEDVGRVTVYLKTEGRPLNANVDLWQGPDNAPQKMSVYLEDGSIRPFRATIESPGSSNAVAIRNTGQIEFPLTAALDVDTSGTPESPAEILISESSARTVQGGAVYTTPFPPSVQSVQVALKSDGRPLNARVELLQGPNNNKQVMEIYTEDGLERPFYVIIDTPGNGNVVRIVNTATVEFPLTAAVEPYIIDDGLDSDTPGGMI,217,,10 KB,Eukaryota; Sar; Stramenopiles; Ochrophyta; Bacillariophyta; Coscinodiscophyceae; Chaetocerotophycidae; Chaetocerotales; Chaetocerotaceae; Chaetoceros,linear,urn:local:.:q8-f0oq3yi,,11/08/2002,"Japan:Hyogo, Seto Inland Sea, Harima-nada, off Maikohama",NIES:3715,taxon:426638,Seawater,,NIES-3715
Ct_GFH46959,GFH46959.1,Fri Nov 26 00:00:00 GMT 2021,hypothetical protein CTEN210_03434 [Chaetoceros tenuissimus],2156358825,Standard,,,Mon Jul 04 12:23:26 BST 2022,AA,Chaetoceros tenuissimus,VTVQGGSLRTCSFTQTADRVTVFLKTEGRPLNANVDLWQGPDNAPQKMSVYLEDGSKRPFRATLEAPGASNAVAIRNTGQIEFPLTAALELDSSGPENSPLDTILADAQYRTVQGGAVYTTPFPPSVQSVHIGLKTDGRPLNARVELLQGPNNNKQVMEIYTEDGAERPFYCVIDTPGSGNVVRIVNTATVEFPISAAVEPYLIDDEISGSQGGMI,216,,10 KB,Eukaryota; Sar; Stramenopiles; Ochrophyta; Bacillariophyta; Coscinodiscophyceae; Chaetocerotophycidae; Chaetocerotales; Chaetocerotaceae; Chaetoceros,linear,urn:local:.:q0-f0oq3yh,,11/08/2002,"Japan:Hyogo, Seto Inland Sea, Harima-nada, off Maikohama",NIES:3715,taxon:426638,Seawater,,NIES-3715
Ct_GFH48545,GFH48545.1,Fri Nov 26 00:00:00 GMT 2021,hypothetical protein CTEN210_05021 [Chaetoceros tenuissimus],2156356272,Standard,,,Mon Jul 04 12:23:28 BST 2022,AA,Chaetoceros tenuissimus,RIEGGGTLRSTKIPQWATRVQYKIESFGRPLKGEVQLWLGPERKTHTLTFANENGVHFPIESTLKFKPNPTFKITTADDPNCPLKISLSVPTPERAQELENITEQLFYQANSEQKKTIQGGNVNGKHGQWVTWNIPENVDAVQLIGWSVNTGKKSFRVKVEMIKGPNNVMQKYTLQCGGGSQPYHTVLQTPGAGWTVRMTNLKFMEDGKTEFAVLPFDARPANE,224,,10 KB,Eukaryota; Sar; Stramenopiles; Ochrophyta; Bacillariophyta; Coscinodiscophyceae; Chaetocerotophycidae; Chaetocerotales; Chaetocerotaceae; Chaetoceros,linear,urn:local:.:qa-f0oq3yi,,11/08/2002,"Japan:Hyogo, Seto Inland Sea, Harima-nada, off Maikohama",NIES:3715,taxon:426638,Seawater,,NIES-3715
Ct_GFH52689,GFH52689.1,Fri Nov 26 00:00:00 GMT 2021,hypothetical protein CTEN210_09165 [Chaetoceros tenuissimus],2156353869,Standard,,,Mon Jul 04 12:23:27 BST 2022,AA,Chaetoceros tenuissimus,VRVEGETRHAFAFSDPARDTIQVAIDSPSGRPVDSELNLWLGPDYTPFSLKCHTEDGKEYPIQTLIGTKGYNVNLEVKNIGPHSYPLTAACSYAIDPLSNAPKDVTSETPIYVEGGAVKNISFGPEVDQLQVLMKTDGKQLKARIELLRGPNNIKQAFDVYSSNGEKNYLFLVFDMPGNTNAIRLKNLATLEYPLDFYYKASKIGDGEM,209,,10 KB,Eukaryota; Sar; Stramenopiles; Ochrophyta; Bacillariophyta; Coscinodiscophyceae; Chaetocerotophycidae; Chaetocerotales; Chaetocerotaceae; Chaetoceros,linear,urn:local:.:t5-f0oq3yr,,11/08/2002,"Japan:Hyogo, Seto Inland Sea, Harima-nada, off Maikohama",NIES:3715,taxon:426638,Seawater,,NIES-3715
Ct_GFH54608,GFH54608.1,Fri Nov 26 00:00:00 GMT 2021,hypothetical protein CTEN210_11084 [Chaetoceros tenuissimus],2156350635,Standard,,,Mon Jul 04 12:23:27 BST 2022,AA,Chaetoceros tenuissimus,VRIEGQSRHTFSMQDASKEIVQVAMRSPNARPVNADVELWIGPDWTPVKVNCHSEDGSKHPLQTLVGTRNKNANVELLNTGNHAFPIDAACSYAISPLTEDRETIKEEEGIYIEGGAIKMSPIPSNVEQLQVLIETEGKMLNAMIELLNGPNNVKVEYEIFTNNGQLNSLFVVFETPEDGNAIRIRNLAPMEFPCKFYVKPTKFGSNDMA,210,,10 KB,Eukaryota; Sar; Stramenopiles; Ochrophyta; Bacillariophyta; Coscinodiscophyceae; Chaetocerotophycidae; Chaetocerotales; Chaetocerotaceae; Chaetoceros,linear,urn:local:.:so-f0oq3yq,,11/08/2002,"Japan:Hyogo, Seto Inland Sea, Harima-nada, off Maikohama",NIES:3715,taxon:426638,Seawater,,NIES-3715
Ct_GFH60611,GFH60611.1,Fri Nov 26 00:00:00 GMT 2021,hypothetical protein CTEN210_17087 [Chaetoceros tenuissimus],2156344718,Standard,,,Mon Jul 04 12:23:28 BST 2022,AA,Chaetoceros tenuissimus,GPRGRQVDGGGTRQTFHTPEGFREDMLVSLDSEGRPIDADVELWSGPNHVPQKVKTYCMDGRRNRFEGIFSGGGTVSVRNNGPVECPTYAQVEPVGKLAGAMSTRLGSATLQGSGALKTWSIQEDVGEAYVELESEGLPMKCSIEVWKGPGQVQQVADIDSEDGYNRPFKMKIDTRDLSYFGSTTIAVRNNGPLEFPVQVKVSY,204,,10 KB,Eukaryota; Sar; Stramenopiles; Ochrophyta; Bacillariophyta; Coscinodiscophyceae; Chaetocerotophycidae; Chaetocerotales; Chaetocerotaceae; Chaetoceros,linear,urn:local:.:qi-f0oq3yj,,11/08/2002,"Japan:Hyogo, Seto Inland Sea, Harima-nada, off Maikohama",NIES:3715,taxon:426638,Seawater,,NIES-3715
Ctob_KOO21401,KOO21401.1,Wed Aug 26 00:00:00 BST 2015,hypothetical protein Ctob_005317 [Chrysochromulina tobinii],922852734,Standard,,,Mon Jul 04 12:23:27 BST 2022,AA,Chrysochromulina tobinii,QRVEGLTRKTWKFNDLSKDRVQVAVTSEGRPVHADVQLWLGPDWTPFTLKAYSEDGKLRPIQTLVGTRNKAAMIEVRNVGEYEFPFKAASNYAKGAMAKVHSEIPATTSGERCDGGALRSYPLSASAKQLEVVLNTDGKQLNARIELLNAPNNPKQTFEVFTNNGELNSLCVCFETPDAGNTVRIRNLAPVEFPCYIHLNEIM,203,,8 KB,Eukaryota; Haptista; Haptophyta; Prymnesiophyceae; Prymnesiales; Chrysochromulinaceae; Chrysochromulina,linear,urn:local:.:s9-f0oq3yo,,1991,USA: Colorado,,taxon:1460289,water,,CCMP291
Ctob_KOO22614,KOO22614.1,Wed Aug 26 00:00:00 BST 2015,hypothetical protein Ctob_001623 [Chrysochromulina tobinii],922854046,Standard,,,Mon Jul 04 12:23:25 BST 2022,AA,Chrysochromulina tobinii,ILVQGGSLRTWSYRSPSVEQVQVVLSTEGRPLDADIELWHGPDNTPCKMRVYVENGQLRPFSAVIETPRGPNTVAIRNIGQIEFPIAANVVADQVDSPSADCIAASTTIQGGALRTYPFDPTVDSVQVLLKTDGRPLNARIELLQGPNNNKQVIELYTEDGLDRPFFAILETPGSGNVVRIVNTAPVEFPMTAGVVPHSINTDMSSGDVVIGGDIGCEACAS,222,,10 KB,Eukaryota; Haptista; Haptophyta; Prymnesiophyceae; Prymnesiales; Chrysochromulinaceae; Chrysochromulina,linear,urn:local:.:pn-f0oq3yg,,1991,USA: Colorado,,taxon:1460289,water,,CCMP291
Ctob_KOO22647,KOO22647.1,Wed Aug 26 00:00:00 BST 2015,hypothetical protein Ctob_003387 [Chrysochromulina tobinii],922854081,Standard,,,Mon Jul 04 12:23:27 BST 2022,AA,Chrysochromulina tobinii,VLVQGNTLKTWDVGEETVERVQLQITSGGRPVHSRVELWYTPAYVPSKISVYTEDGKYRPVDIIIETPKSPKTVAVYNTGSLDFPFTATVAHTGMDKAYYSLKDITPEHVQGGRITSYTFGPEVEAVQILLTSKVNNLKAKIELTQGPNQVKQIVEIYSSTYKNPLYLVMQTPGANNAIRVINEHTVEFPFDAWVLPYKTAGTDASAPVMGGF,213,,8 KB,Eukaryota; Haptista; Haptophyta; Prymnesiophyceae; Prymnesiales; Chrysochromulinaceae; Chrysochromulina,linear,urn:local:.:rv-f0oq3yn,,1991,USA: Colorado,,taxon:1460289,water,,CCMP291
Ctob_KOO23168,KOO23168.1,Wed Aug 26 00:00:00 BST 2015,hypothetical protein Ctob_003319 [Chrysochromulina tobinii],922854651,Standard,,,Mon Jul 04 12:23:27 BST 2022,AA,Chrysochromulina tobinii,VLVQGSTLKTWDLGDETTERVQLSLKSDGRPIDANIELWHTPSYIPARFRVYTKDGSLRPVHAVIETPKHPKTVAVYNTGPLEFPLEAVVANTGRGKASQSLADVPSQRIQGGKIVSYTYGAEVESVQVLLQTEDRNMKAKIELTQGPNQPKQIIEVFATVGGQTPFYAVIATPGAGSTIRVVNQNSIEFPINAWILPYKTKGTSDAPVTMGGGG,215,,8 KB,Eukaryota; Haptista; Haptophyta; Prymnesiophyceae; Prymnesiales; Chrysochromulinaceae; Chrysochromulina,linear,urn:local:.:rq-f0oq3yn,,1991,USA: Colorado,,taxon:1460289,water,,CCMP291
Ctob_KOO23236,KOO23236.1,Wed Aug 26 00:00:00 BST 2015,hypothetical protein Ctob_004738 [Chrysochromulina tobinii],922854725,Standard,,,Mon Jul 04 12:23:25 BST 2022,AA,Chrysochromulina tobinii,ILVQGGSLRTWSYRSPAVEQVQVVLSTDGRPLDADIELWHGPDNTPCKMRVYVENGQLRPFSAVIETPRGPNTVAIRNIGQIEFPIAANVIADQVDSPSPDCIQASATIQGGALRTYPFDPTVDSVQILLKTDGRPLNARIELLQGPNNNKQVIELYTEDGLDRPFFCVLETPGAGNVVRIVNTAPVEFPMTAGVVPGSINQEMGSGAILGGDVVLGGDA,220,,8 KB,Eukaryota; Haptista; Haptophyta; Prymnesiophyceae; Prymnesiales; Chrysochromulinaceae; Chrysochromulina,linear,urn:local:.:qd-f0oq3yj,,1991,USA: Colorado,,taxon:1460289,water,,CCMP291
Ctob_KOO23370,KOO23370.1,Wed Aug 26 00:00:00 BST 2015,hypothetical protein Ctob_001011 [Chrysochromulina tobinii],922854869,Standard,,,Mon Jul 04 12:23:25 BST 2022,AA,Chrysochromulina tobinii,ILIQGGSLRTWSYRSPAVEQVQVVLSTEGRPLDADIELWHGPDNTPCKMRVYVENGQLRPFCATIETPRGPNTVAIRNIGQIEFPIAANVIADQVDNPSAECIAASATIQGGALRTYPFDPTVDSIEVLLKTDGRPLNARIELLQGPNNNKQVIELYTEDGLDRPFFCILETPGSGNVVRIVNTAPVEFPMTAGVVPHSINQRMTSEAVLGGDVVLGGDAY,221,,8 KB,Eukaryota; Haptista; Haptophyta; Prymnesiophyceae; Prymnesiales; Chrysochromulinaceae; Chrysochromulina,linear,urn:local:.:sz-f0oq3yq,,1991,USA: Colorado,,taxon:1460289,water,,CCMP291
Ctob_KOO24907,KOO24907.1,Wed Aug 26 00:00:00 BST 2015,hypothetical protein Ctob_006686 [Chrysochromulina tobinii],922856566,Standard,,,Mon Jul 04 12:23:25 BST 2022,AA,Chrysochromulina tobinii,ILVQGGSLRTWSYRSQSVGQVQVVLSTEGRPLDADIELWHGPDNTPCKMRVYVENGQLRPFSAVIETPRGPNTVAIRNIGQIEFPIAANVVADQVDSPSADCIAASTTIQGGALRTYPFDPTVDSVQVLLKTDGRPLNARIELLQGPNNNKQVIELYTEDGLDRPFFAILETPGSGNVVRIVNTAPIEFPMTAGVVPHSINTDMSLADVIIGGDIG,216,,8 KB,Eukaryota; Haptista; Haptophyta; Prymnesiophyceae; Prymnesiales; Chrysochromulinaceae; Chrysochromulina,linear,urn:local:.:sb-f0oq3yp,,1991,USA: Colorado,,taxon:1460289,water,,CCMP291
Ctob_KOO28666,KOO28666.1,Wed Aug 26 00:00:00 BST 2015,hypothetical protein Ctob_005225 [Chrysochromulina tobinii],922860834,Standard,,,Mon Jul 04 12:23:25 BST 2022,AA,Chrysochromulina tobinii,ILVQGGSLRTWSYRSPSVEQVQVVLSTEGRPLDADIELWHGPDNTPCKMRVYVENGQLRPFSAVIETPRGPNTVAIRNIGQIEFPIAANVVADQVDSPSADCIAASTTIQGGALRTYPFDPTVDSVQVLLKTDGRPLNARIELLQGPNNNKQVIELYTEDGLDRPFFAILETPGSGNVVRIVNTAPIEFPMTAGVVPHSINTDMSAADVVIGGDIG,216,,8 KB,Eukaryota; Haptista; Haptophyta; Prymnesiophyceae; Prymnesiales; Chrysochromulinaceae; Chrysochromulina,linear,urn:local:.:qw-f0oq3yk,,1991,USA: Colorado,,taxon:1460289,water,,CCMP291
Ctob_KOO28668,KOO28668.1,Wed Aug 26 00:00:00 BST 2015,hypothetical protein Ctob_005227 [Chrysochromulina tobinii],922860836,Standard,,,Mon Jul 04 12:23:25 BST 2022,AA,Chrysochromulina tobinii,ILVQGGSLRTWSYRSPSVEQVQVVLSTEGRPLDADIELWHGPDNTPCKMRVYVENGQLRPFSAVIETPRGPNTVAIRNIGQIEFPIAANVVADQVDSPSADCIAASTTIQGGALRTYPFDPTVDSVQVLLKTDGRPLNARIELLQGPNNNKQVIELYTEDGLDRPFFAILETPGSGNVVRIVNTAPIEFPMTAGVVPHSINTDMSADDVVIGGDIG,216,,8 KB,Eukaryota; Haptista; Haptophyta; Prymnesiophyceae; Prymnesiales; Chrysochromulinaceae; Chrysochromulina,linear,urn:local:.:ss-f0oq3yq,,1991,USA: Colorado,,taxon:1460289,water,,CCMP291
Ctob_KOO29105,KOO29105.1,Wed Aug 26 00:00:00 BST 2015,hypothetical protein Ctob_010491 [Chrysochromulina tobinii],922861341,Standard,,,Mon Jul 04 12:23:28 BST 2022,AA,Chrysochromulina tobinii,IRIEGGKTLKTFKMPDYAERVQYIIQSPNGRPVKAKVELWIGPIRCVHEMIYDSMSGGTFPLRATLKFKKLSPVLKISGDGDFEFPLVCGVFVPSPEESKVIGNYCEKDMFYNSPMKEAVQGGQDWSAKGGGGAIKSFPIPSSWEKVQVMVWSGDVGKKSFKTNIELLQGPNNAKQHINLRCGGSTQPYHAVLDTPGEGWMIRCNSKKYLEDGKFEIAVAPFGPTGDVDMSKAVKLGGF,239,,8 KB,Eukaryota; Haptista; Haptophyta; Prymnesiophyceae; Prymnesiales; Chrysochromulinaceae; Chrysochromulina,linear,urn:local:.:q5-f0oq3yi,,1991,USA: Colorado,,taxon:1460289,water,,CCMP291
Ctob_KOO30764,KOO30764.1,Wed Aug 26 00:00:00 BST 2015,hypothetical protein Ctob_002702 [Chrysochromulina tobinii],922863294,Standard,,,Mon Jul 04 12:23:25 BST 2022,AA,Chrysochromulina tobinii,ILVQGGSLRTWSYRSPSVEQVQVVLSTEGRPLDADIELWHGPDNTPCKMRVYVENGQLRPFSAVIETPRGPNTVAIRNIGQIEFPIAANVVADQVDSPSADCIAASTTIQGGALRTYPFDPTVDSVQVLLKTDGRPLNARIELLQGPNNNKQVIELYTEDGLDRPFFAILETPGSGNVVRIVNTAPIEFPMTAGVVPHSINTDMSAADVVIGGDIG,216,,8 KB,Eukaryota; Haptista; Haptophyta; Prymnesiophyceae; Prymnesiales; Chrysochromulinaceae; Chrysochromulina,linear,urn:local:.:s3-f0oq3yo,,1991,USA: Colorado,,taxon:1460289,water,,CCMP291
Ctob_KOO32186,KOO32186.1,Wed Aug 26 00:00:00 BST 2015,hypothetical protein Ctob_015341 [Chrysochromulina tobinii],922865055,Standard,,,Mon Jul 04 12:23:25 BST 2022,AA,Chrysochromulina tobinii,ILVQGGSLRTWSYRSPSVEQVQVVLSTEGRPLDADIELWHGPDNTPCKMRVYVENGQLRPFSAVIETPRGPNTVAIRNIGQIEFPIAANVVADQVDSPSADCLAASTTIQGGALRTYPFDPTVDSVQVLLKTDGRPLNARIELLQGPNNNKQVIELYTEDGLDRPFFAILETPGSGNVVRIVNTAPIEFPMTAGVVPHSINADMSAGDVVIGGDIG,216,,8 KB,Eukaryota; Haptista; Haptophyta; Prymnesiophyceae; Prymnesiales; Chrysochromulinaceae; Chrysochromulina,linear,urn:local:.:qh-f0oq3yj,,1991,USA: Colorado,,taxon:1460289,water,,CCMP291
Ctob_KOO32618,KOO32618.1,Wed Aug 26 00:00:00 BST 2015,hypothetical protein Ctob_011931 [Chrysochromulina tobinii],922865591,Standard,,,Mon Jul 04 12:23:25 BST 2022,AA,Chrysochromulina tobinii,ILVQGGSLRTWSYRSPSVEQVQVVLSTEGRPLDADIELWHGPDNTPCKMRVYVENGQLRPFSAVIETPRGPNTVAIRNIGQIEFPIAANVVADQVDSPSADCLAASTTIQGGALRTYPFDPTVDSVQVLLKTDGRPLNARIELLQGPNNNKQVIELYTEDGLDRPFFAILETPGSGNVVRIVNTAPIEFPMTAGVVPHSINTDMSAADVVIGGDIG,216,,8 KB,Eukaryota; Haptista; Haptophyta; Prymnesiophyceae; Prymnesiales; Chrysochromulinaceae; Chrysochromulina,linear,urn:local:.:qp-f0oq3yk,,1991,USA: Colorado,,taxon:1460289,water,,CCMP291
Ctob_KOO33089,KOO33089.1,Wed Aug 26 00:00:00 BST 2015,hypothetical protein Ctob_007849 [Chrysochromulina tobinii],922866184,Standard,,,Mon Jul 04 12:23:26 BST 2022,AA,Chrysochromulina tobinii,ITVQGGSLRTWSCSNPSIKRMQVSLSSEGRPVDAEVELWQGPDYTPVKMRVYSEDGNERPFSAVMESPRGPSTVSIRNLGPTVFPFAASVATDSVASPLVVFPSSFSTGTASSTTTIQGGALRTYHCDPTIESVRVLFTSDGRPLNARLEVLQGPNNNKQVIELYSDDGLSRPLLLMLDTPDQGSVVRIVNTAPMEFPLAASIAPIRRSLSGTEALRARSWQRSGSGGWGADYAYGERPWYDSRVNDPYQGNPVDPYRARYNGPYRYGAYDATSRAQYGAARRDTAWGAQYGAQYGAPY,299,,9 KB,Eukaryota; Haptista; Haptophyta; Prymnesiophyceae; Prymnesiales; Chrysochromulinaceae; Chrysochromulina,linear,urn:local:.:sg-f0oq3yp,,1991,USA: Colorado,,taxon:1460289,water,,CCMP291
Ctob_KOO33289,KOO33289.1,Wed Aug 26 00:00:00 BST 2015,hypothetical protein Ctob_012148 [Chrysochromulina tobinii],922866433,Standard,,,Mon Jul 04 12:23:25 BST 2022,AA,Chrysochromulina tobinii,ILVQGGSLRTWSYRSPAVEQVQVVLSTEGRPLDADIELWHGPDNTPCKMRVYVENGQLRPFSAVIETPRGPNTVAIRNIGQIEFPIAANVVADVVDQPSADALASSMTIQGGALRTYPFDPTVDSVEVLLKTDGRPLNARIELLQGPNNNKQVIELYTEDGLDRPFFCILETPGSGNVVRIVNTAPVEFPMTAGVVPHSINQGMPSDAILGGDVVIGGDAM,221,,8 KB,Eukaryota; Haptista; Haptophyta; Prymnesiophyceae; Prymnesiales; Chrysochromulinaceae; Chrysochromulina,linear,urn:local:.:qj-f0oq3yj,,1991,USA: Colorado,,taxon:1460289,water,,CCMP291
Ctob_KOO33421,KOO33421.1,Wed Aug 26 00:00:00 BST 2015,hypothetical protein Ctob_009914 [Chrysochromulina tobinii],922866596,Standard,,,Mon Jul 04 12:23:28 BST 2022,AA,Chrysochromulina tobinii,TTVQGGSLRTFSGATDNVEINLGTNGRPMDATVEVWEGPGSTPVQMRAYGDDGAQRPINAVVGGTRRSAYSPTPKTVAIRNTGPMEFPISGAVAPAERPAIPLHSLSELSDAAIELGLVRPDESYSRSSKVIQGDSHRTYGIDGIVDSVQVLITSDGYPVYARIEILQGPSCVRSGIELYTDNGAGRPILYTLETPGYGCVIEIHNTGPMEYPVTALVVPKEINRDKPSNDEDFEVVIGGTDSDFHRRRGRSGRYAAQ,258,,9 KB,Eukaryota; Haptista; Haptophyta; Prymnesiophyceae; Prymnesiales; Chrysochromulinaceae; Chrysochromulina,linear,urn:local:.:q7-f0oq3yi,,1991,USA: Colorado,,taxon:1460289,water,,CCMP291
Ctob_KOO35123,KOO35123.1,Wed Aug 26 00:00:00 BST 2015,hypothetical protein Ctob_011368 [Chrysochromulina tobinii],922868844,Standard,,,Mon Jul 04 12:23:25 BST 2022,AA,Chrysochromulina tobinii,ILVQGGSLRTWSYRSPAVEQVQVVLSTDGRPLDADIELWHGPDNTPCKMRVYVENGQLRPFSAVIETPRGPNTVAVRNIGQIEFPISANVVADMVDQPSNDCLSSLTTIQGGALRTYPFDPNVESVQVLLKTDGRPLNARIELLQGPNNNKQVIELYTEDGLDRPFFCFLVTPGSGNVVRVVNTAPVEFPMSASVVPHTMRTDAEGDVVVGGET,214,,8 KB,Eukaryota; Haptista; Haptophyta; Prymnesiophyceae; Prymnesiales; Chrysochromulinaceae; Chrysochromulina,linear,urn:local:.:t9-f0oq3yr,,1991,USA: Colorado,,taxon:1460289,water,,CCMP291
Ctob_KOO35896,KOO35896.1,Wed Aug 26 00:00:00 BST 2015,hypothetical protein Ctob_015827 [Chrysochromulina tobinii],922869881,Standard,,,Mon Jul 04 12:23:25 BST 2022,AA,Chrysochromulina tobinii,ILVQGGSLRTWSYRSPSVEQVQVVLSTEGRPLDADIELWHGPDNTPCKMRVYVENGQLRPFSAVIETPRGPNTVAIRNIGQIEFPIAANVIADQVDSPSPDCLAASTTIQGGALRTYPFDPTVDSVQVLLKTDGRPLNARIELLQGPNNNKQVIELYTEDGLDRPFFCVLETPGSGNVVRIVNTAPIEFPMTAAVVPHSINEAMSSGAVLGGDVVIGGDV,220,,9 KB,Eukaryota; Haptista; Haptophyta; Prymnesiophyceae; Prymnesiales; Chrysochromulinaceae; Chrysochromulina,linear,urn:local:.:q2-f0oq3yi,,1991,USA: Colorado,,taxon:1460289,water,,CCMP291
Ea_MBA45229.1,,Mon May 30 15:47:29 BST 2022,A new protein sequence entered manually,,,,,Mon Jul 04 12:23:26 BST 2022,AA,Euryacrchaeota archaeon,ILVQGGSLRTWTYRSPKVEQVQVVLSSEGRPLDADIELWHGPDNTPCKMRVYVENGRTRPFSAVIETPRGPNTIAVRNIGQIEFPIAANVVADVVDMPSIDCVQSTTTIQGGALRTYPFDPRVESVQVLLKTDGRPLNARVELLQGPNNNKQVIELYTEDGCDRPFFCVLETPGSGNVVRVVNTAPVEFPMSASVVPGAINNDLRTGPIMGGDVIIGGDV,220,,1 KB,,linear,urn:local:.:ql-f0oq3yj,,,,,,,,
Eh_XP_005758794,XP_005758794.1,Wed Oct 23 00:00:00 BST 2013,hypothetical protein EMIHUDRAFT_438719 [Emiliania huxleyi CCMP1516],551540930,Standard,,,Mon Jul 04 12:23:25 BST 2022,AA,Emiliania huxleyi CCMP1516,ILVQGGSLRTWSYRSPSVEQVQVVLSTEGRPLDADIELWQGPDNTPCKMRVYVENGQLRPFSAVVETPRGPNTIAIRNIGQVEFPLAANVVADNVDAPSAECLDTRMTIQGGALRTYPFDPTVDSVQVLLKTDGRPLNARIELLQGPNNNKQVIELYTEDGLDRPFFCILETPGSGNVVRVVNTAPVEFPMTASVVPNSINEQMGYEAVLGGDVVLGGDA,220,,12 KB,Eukaryota; Haptista; Haptophyta; Prymnesiophyceae; Isochrysidales; Noelaerhabdaceae; Emiliania,linear,urn:local:.:r9-f0oq3yl,Unknown,,,,taxon:280463,,,CCMP1516
Eh_XP_005758797,XP_005758797.1,Wed Oct 23 00:00:00 BST 2013,hypothetical protein EMIHUDRAFT_438723 [Emiliania huxleyi CCMP1516],551540936,Standard,,,Mon Jul 04 12:23:25 BST 2022,AA,Emiliania huxleyi CCMP1516,ILVQGGSLRTWSYRSPSVEQVQVVLSTEGRPLDADIELWQGPDNTPCKMRVYVENGQLRPFSAVVETPRGPNTIAIRNIGQIEFPFAANVVAEDVDAPSAECLSTRMTIQGGALRTYPFDPTVDSVQVLLKTDGRPLNARIELLQGPNNNKQVIELYAEDGLDRPFFCILETPGSGNVVRVVNTAPVEFPMTAAVVPNSINEQMGYEAVLGGDVVLGGDM,220,,12 KB,Eukaryota; Haptista; Haptophyta; Prymnesiophyceae; Isochrysidales; Noelaerhabdaceae; Emiliania,linear,urn:local:.:pt-f0oq3yh,Unknown,,,,taxon:280463,,,CCMP1516
Eh_XP_005759385,XP_005759385.1,Wed Oct 23 00:00:00 BST 2013,hypothetical protein EMIHUDRAFT_453372 [Emiliania huxleyi CCMP1516],551542396,Standard,,,Mon Jul 04 12:23:27 BST 2022,AA,Emiliania huxleyi CCMP1516,MQLQGGSLRTWHSPDPWAEEGDFFLGTEGRPMDANVELWSGPDNTAFRMRVYGENGNLRPVRGTVGMRGRHPRSNAIAVRNAGPLEFPMSDVGVFGGGAEQPSIECLESASTVQGGSLRTYPVGPYVDAVQVLLRSDGLPVNATIEIVQGPNTNRQGIELYTDDGRERPIFYILETPGYGSVVEVRNTGPLEFPIAASVVPHSVGMADESFGGGGYGRGGYGGGGGGGYGGGGGGGGGGRYGGGLGGMRPMGGMGGGMTMGGMMGMGQMGGGMGG,275,,12 KB,Eukaryota; Haptista; Haptophyta; Prymnesiophyceae; Isochrysidales; Noelaerhabdaceae; Emiliania,linear,urn:local:.:sl-f0oq3yp,Unknown,,,,taxon:280463,,,CCMP1516
Eh_XP_005766273,XP_005766273.1,Wed Oct 23 00:00:00 BST 2013,hypothetical protein EMIHUDRAFT_422016 [Emiliania huxleyi CCMP1516],551558596,Standard,,,Mon Jul 04 12:23:25 BST 2022,AA,Emiliania huxleyi CCMP1516,ILVQGGSLRTWSYRSPSVEQVQVVLSTEGRPLDADIELWQGPDNTPCKMRVYVENGQLRPFSAVVETPRGPNTIAIRNIGQIEFPLAANVVADNVDSPSAECLDTRMTIQGGALRTYPFDPSVDSVQVMLKTDGRPLNARIELLQGPNNNKQVIELYTEDGLDRPFFCILETPGSGNVVRVVNTAPVEFPMTAGVVPNSINQQMSYDAVLGGDVVLGGDA,220,,12 KB,Eukaryota; Haptista; Haptophyta; Prymnesiophyceae; Isochrysidales; Noelaerhabdaceae; Emiliania,linear,urn:local:.:r1-f0oq3yl,Unknown,,,,taxon:280463,,,CCMP1516
Eh_XP_005766796,XP_005766796.1,Wed Oct 23 00:00:00 BST 2013,hypothetical protein EMIHUDRAFT_436903 [Emiliania huxleyi CCMP1516],551559794,Standard,,,Mon Jul 04 12:23:27 BST 2022,AA,Emiliania huxleyi CCMP1516,QRVEGKTRKTWTFNDLSKDRVQVAVKSEGRPVKADIQLWIGPDWTPFTLKAYSEDGKERPIQALIGTRNKAAMIEVRNVGEYEFPFSAAANYADASMASKADPPAAHGERVDGGALRSFPLDAGSEKLEVVLNTDGKQLNARVELLNAPNNPKQTFEVFTNNGELNSLSVCFDTPDPGNTVRIVNLAPVEFPCYIHLNEM,200,,12 KB,Eukaryota; Haptista; Haptophyta; Prymnesiophyceae; Isochrysidales; Noelaerhabdaceae; Emiliania,linear,urn:local:.:q1-f0oq3yi,Unknown,,,,taxon:280463,,,CCMP1516
Eh_XP_005768244,XP_005768244.1,Wed Oct 23 00:00:00 BST 2013,hypothetical protein EMIHUDRAFT_459261 [Emiliania huxleyi CCMP1516],551563025,Standard,,,Mon Jul 04 12:23:27 BST 2022,AA,Emiliania huxleyi CCMP1516,MQLQGGSLRTWHSPDPWAEEGGFFLGTEGRPMDANVELWSGPDNTAFRMRVYGENGNLRPVRGTVGMRGRHPRSNAIAVRNAGPLEFPMSDVGVFGGGAEQPSIECLESASTVQGGSLRTYPVGPYVDAVQVLLRSDGLPVNATIEIVQGPNTNRQGIELYTDDGRERPIFYILETPGYGSVVEVRNTGPLEFPIAASVVPHSVGMADESFGGGGYGRGGYGGGGGGGYGGGGGGGGGGRYGGGLGGMRPMGGMGGGMTMGGMMGMGQMGGGMGG,275,,12 KB,Eukaryota; Haptista; Haptophyta; Prymnesiophyceae; Isochrysidales; Noelaerhabdaceae; Emiliania,linear,urn:local:.:r7-f0oq3yl,Unknown,,,,taxon:280463,,,CCMP1516
Eh_XP_005770254,XP_005770254.1,Wed Oct 23 00:00:00 BST 2013,hypothetical protein EMIHUDRAFT_464156 [Emiliania huxleyi CCMP1516],551568597,Standard,,,Mon Jul 04 12:23:27 BST 2022,AA,Emiliania huxleyi CCMP1516,QRVEGKSRKTWRFSDLSRERVQVAVSSVGRPVHADIQLWLGPDWTPYTLRAYSEDGKRRPVQTLVGTRCKAAMVEVRNLGESEFPFAAAANYAKDPMASLPIELPASTPGERVDGGALRSFALDPAAGQAAEREGELNSLCVAFDTPDAGATVRVVNHAPVEFPCYIHVRERRV,174,,13 KB,Eukaryota; Haptista; Haptophyta; Prymnesiophyceae; Isochrysidales; Noelaerhabdaceae; Emiliania,linear,urn:local:.:rs-f0oq3yn,Unknown,,,,taxon:280463,,,CCMP1516
Eh_XP_005778223,XP_005778223.1,Wed Oct 23 00:00:00 BST 2013,hypothetical protein EMIHUDRAFT_463419 [Emiliania huxleyi CCMP1516],551586263,Standard,,,Mon Jul 04 12:23:27 BST 2022,AA,Emiliania huxleyi CCMP1516,QRVEGKTRKTWKFSDLSKDRVQVALASEGRPINSDVQLWLGPDWTPFTLKAYTEDGKIRPIMTVVGTRNKAAMVEVRNVGEFEFPFSAAANYAQGAMATVPVDLPACTPGERVDGGALRSFSLDSATEQVEVVLKTDGRQLNARIELLNGPNNAKQTYEVFTNNGDLNSLCVAFHTPDPATTVRIVNCAPVEFPCQIHIKESGPGGAASPQALAAAVAVPGAARAQ,226,,12 KB,Eukaryota; Haptista; Haptophyta; Prymnesiophyceae; Isochrysidales; Noelaerhabdaceae; Emiliania,linear,urn:local:.:s1-f0oq3yo,Unknown,,,,taxon:280463,,,CCMP1516
Eh_XP_005782156,XP_005782156.1,Wed Oct 23 00:00:00 BST 2013,hypothetical protein EMIHUDRAFT_365759 [Emiliania huxleyi CCMP1516],551601002,Standard,,,Mon Jul 04 12:23:27 BST 2022,AA,Emiliania huxleyi CCMP1516,ARVEGKTLKTWDIGDEAIARAQLSIKSSGRPVHSRVELWHTPSYIPTKMSVYTEDANVRPIDCLIETPKHPKTVAVFNEGPMEFPFDATVAPTGLDSAYASLADAENRNVQGGEITSYVFGSSVESVQILLKPMNGERNIKARIELTQGPNQVKQSYEIYASSGYKNPFYAVIQTPGVSDSTIRIINQNTVEFPFNAWVLPYATGSGGPAVQLGR,215,,12 KB,Eukaryota; Haptista; Haptophyta; Prymnesiophyceae; Isochrysidales; Noelaerhabdaceae; Emiliania,linear,urn:local:.:rl-f0oq3ym,Unknown,,,,taxon:280463,,,CCMP1516
Eh_XP_005782398,XP_005782398.1,Wed Oct 23 00:00:00 BST 2013,hypothetical protein EMIHUDRAFT_99428 [Emiliania huxleyi CCMP1516],551601548,Standard,,,Mon Jul 04 12:23:25 BST 2022,AA,Emiliania huxleyi CCMP1516,ILVQGGSLRTWSYRSPSVEQVQVVLSTEGRPLDADIELWQGPDNTPCKMRVYVENGQLRPFSAVVETPRGPNTVAIRNIGQIEFPLAANVVADNVDSPSAECLDTRMTIQGGALRTYPFDPSVDSVQVLLKTDGRPLNARIELLQGPNNNKQVIELYTEDGLDRPFFCILETPGSGNVVRVVNTAPVEFPMTAGVVPNSINQQMSYDAGPRLGDVAQSVRRFGGSD,226,,12 KB,Eukaryota; Haptista; Haptophyta; Prymnesiophyceae; Isochrysidales; Noelaerhabdaceae; Emiliania,linear,urn:local:.:rm-f0oq3yn,Unknown,,,,taxon:280463,,,CCMP1516
Eh_XP_005789954,XP_005789954.1,Wed Oct 23 00:00:00 BST 2013,hypothetical protein EMIHUDRAFT_440362 [Emiliania huxleyi CCMP1516],551618284,Standard,,,Mon Jul 04 12:23:25 BST 2022,AA,Emiliania huxleyi CCMP1516,ILVQGGSLRTWSYRSPSVEQVQVVLSTEGRPLDADIELWQGPDNTPCKMRVYVENGQLRPFSAVVETPRGPNTVAIRNIGQIEFPLAANVVAENVDAPSAECLDTRMTIQGGALRTYPFDPSVESVQVLLKTDGRPLNARIELLQGPNNNKQVIELYTEDGLDRPFFCILETPGSGNVVRVVNTAPVEFPMTAGVVPNSINQQMSSDAVLGGDVVLGGDA,220,,12 KB,Eukaryota; Haptista; Haptophyta; Prymnesiophyceae; Isochrysidales; Noelaerhabdaceae; Emiliania,linear,urn:local:.:te-f0oq3ys,Unknown,,,,taxon:280463,,,CCMP1516
Eh_XP_005791445,XP_005791445.1,Wed Oct 23 00:00:00 BST 2013,hypothetical protein EMIHUDRAFT_439938 [Emiliania huxleyi CCMP1516],551622114,Standard,,,Mon Jul 04 12:23:28 BST 2022,AA,Emiliania huxleyi CCMP1516,IRIEGGKTLKTFKMPAHAERVQYMLKSPNGRPIKAKVELWIGPNRCVHEFIYDCMDGLAFPIKATLQFKKLSPVLKVSTNGAYEFPLECGVFVPSPDESKTIGQITENMFYTAPMKDRVQGGMNYGKGSSGGAIRDFDIDPTWDKTQIMVWSKDAGKKSFKTNIEILQGPNNQKQHLNLRCGGSTQPYHAVINTPGAGWKIRCNSKKFLEDGLFEIAVAPYGEVGDGSSPGVLLGSGGF,239,,12 KB,Eukaryota; Haptista; Haptophyta; Prymnesiophyceae; Isochrysidales; Noelaerhabdaceae; Emiliania,linear,urn:local:.:t8-f0oq3yr,Unknown,,,,taxon:280463,,,CCMP1516
Fc_OEU07787,OEU07787.1,Fri Sep 30 00:00:00 BST 2016,hypothetical protein FRACYDRAFT_277785 [Fragilariopsis cylindrus CCMP1102],1072223029,Standard,,,Mon Jul 04 12:23:28 BST 2022,AA,Fragilariopsis cylindrus CCMP1102,RKMQGGGTVRTWDIPPEAERLSYYIRTNGRPLKAMVELWVGPIRRIHAVNIECEDGDESPFRAMLKFKPGTKTLKISTTGSHEFPLEFGAEVPNANRMADTWAATQKVFDAGPKVTVQGGSTEGGGGSVRYFNIPDDVETTQMILWSRDIGKRTVKCKIEVLQGPNSVRQLYDLHCGGSTQPYHAIIPTPGPGWTIRVIATNYMEFPFEAVVTPYESYSDNGQGYNANNPQSYDLGSGDWHGD,243,,10 KB,Eukaryota; Sar; Stramenopiles; Ochrophyta; Bacillariophyta; Bacillariophyceae; Bacillariophycidae; Bacillariales; Bacillariaceae; Fragilariopsis,linear,urn:local:.:t6-f0oq3yr,Unknown,,"Indian Ocean: Islas Orcadas Cruise, Station 12",,taxon:635003,,,CCMP1102
Fc_OEU10825,OEU10825.1,Fri Sep 30 00:00:00 BST 2016,hypothetical protein FRACYDRAFT_270994 [Fragilariopsis cylindrus CCMP1102],1072226081,Standard,,,Mon Jul 04 12:23:26 BST 2022,AA,Fragilariopsis cylindrus CCMP1102,IKVQGGSLRTWSFTTPSIDSVQVHLKTEGRPLNANVELWQGPDNTPQKMAVYLEDGNLRPFRAVIASPGSQNSIAIRNTASMEYPIAAGVEADIKDGGIENFTDKLSKMATPRTVQGGAVFTMPFAPSVASVQVLLKTDGRPLNARIELLQGPNNVKQVMEVYTEDGTERPFFAILETPGTGNVVRIVNTATVEFPLGCNLEPFLVEEGSDDMFIVSEEQGTESSS,226,,10 KB,Eukaryota; Sar; Stramenopiles; Ochrophyta; Bacillariophyta; Bacillariophyceae; Bacillariophycidae; Bacillariales; Bacillariaceae; Fragilariopsis,linear,urn:local:.:rj-f0oq3ym,Unknown,,"Indian Ocean: Islas Orcadas Cruise, Station 12",,taxon:635003,,,CCMP1102
Fc_OEU11299,OEU11299.1,Fri Sep 30 00:00:00 BST 2016,hypothetical protein FRACYDRAFT_270952 [Fragilariopsis cylindrus CCMP1102],1072226556,Standard,,,Mon Jul 04 12:23:28 BST 2022,AA,Fragilariopsis cylindrus CCMP1102,KRIEGGGTVRTWDIPPETERLQYVLETNGRPLKAKVELWEGPVRLLHSMDVNLEDGSQTPYKGMLAFPKGQKALKISTTGSQEFPCTFGAEVPSFERTKQLVAFQNDVWESNPKHTMQGTVSESGLGAVKAFPISDNIESVQIMWWSKDTGKRAAKSKIEVLQGPNSIRQVFDMHCEGTTQPYHAIIETPGTGWTIRMWSKSPMEYPHEIVVEPHTVADHGGMSGDES,228,,10 KB,Eukaryota; Sar; Stramenopiles; Ochrophyta; Bacillariophyta; Bacillariophyceae; Bacillariophycidae; Bacillariales; Bacillariaceae; Fragilariopsis,linear,urn:local:.:t2-f0oq3yr,Unknown,,"Indian Ocean: Islas Orcadas Cruise, Station 12",,taxon:635003,,,CCMP1102
Fc_OEU12466,OEU12466.1,Fri Sep 30 00:00:00 BST 2016,hypothetical protein FRACYDRAFT_191312 [Fragilariopsis cylindrus CCMP1102],1072227728,Standard,,,Mon Jul 04 12:23:28 BST 2022,AA,Fragilariopsis cylindrus CCMP1102,KSIQGGKCLKTWNISNDSVDRVSVMINNEGVPLSANVEVWQGPNSTPMRLQIASDDGNTYPFSAVLETPNKHNSIAVRNMSPMEFPIGACVVADVEDVKAGGNKQAGQGAVVQALADLGEPYKVDGDNGMESFQFENTVESIQILLQTDGRPLHARVELVQGTNDNKQVVDIFSENGLEQPFFAVIDTPAMFDMSAGATVRIVNTAPSTVFPLSAIVEPYMVSDSYVQPVKPKTKVDISNDLF,243,,10 KB,Eukaryota; Sar; Stramenopiles; Ochrophyta; Bacillariophyta; Bacillariophyceae; Bacillariophycidae; Bacillariales; Bacillariaceae; Fragilariopsis,linear,urn:local:.:sp-f0oq3yq,Unknown,,"Indian Ocean: Islas Orcadas Cruise, Station 12",,taxon:635003,,,CCMP1102
Fc_OEU13870 1,OEU13870.1,Fri Sep 30 00:00:00 BST 2016,hypothetical protein FRACYDRAFT_242223 [Fragilariopsis cylindrus CCMP1102],1072229135,Standard,,,Mon Jul 04 12:23:27 BST 2022,AA,Fragilariopsis cylindrus CCMP1102,VDIQGGSLRTWSFAHQHKMDMVQVHMKTDGRPMNANVDLWQGPDNVPMKVAVYVEDGRERPFQCFFPTPYGQNSISIRNTNTLEYPIQAVLEGGKVGMDDPETKEKMKRTETTRPKMCQGGAVITERFEPDVQSVQIFLSSEGRPLNCRIELLQGPNNVKQVMEVYSEEGSVRPFYCIVETPGNSNGVVRIVNSSTMEFPFSAICAPWDIEKPGDRPLFELSGGHNGDAIGGFDGNGNNNNSSINLRGVGGAAKAMGGMLR,261,,11 KB,Eukaryota; Sar; Stramenopiles; Ochrophyta; Bacillariophyta; Bacillariophyceae; Bacillariophycidae; Bacillariales; Bacillariaceae; Fragilariopsis,linear,urn:local:.:r0-f0oq3yk,Unknown,,"Indian Ocean: Islas Orcadas Cruise, Station 12",,taxon:635003,,,CCMP1102
Fc_OEU13870 2,OEU13870.1,Fri Sep 30 00:00:00 BST 2016,hypothetical protein FRACYDRAFT_242223 [Fragilariopsis cylindrus CCMP1102],1072229135,Standard,,,Mon Jul 04 12:23:27 BST 2022,AA,Fragilariopsis cylindrus CCMP1102,VDIQGGSLRTWSFAHQHKMDMVQVHMKTDGRPMNANVDLWQGPDNVPMKVAVYVEDGRERPFQCFFPTPYGQNSISIRNTNTLEYPIQAVLEGGKVGMDDPETKEKMKRTETTRPKMCQGGAVITERFEPDVQSVQIFLSSEGRPLNCRIELLQGPNNVKQVMEVYSEEGSVRPFYCIVETPGNSNGVVRIVNSSTMEFPFSAICAPWDIEKPGDRPLFELSGGHNGDAIGGFDGNGNNNNSSINLRGVGGAAKAMGGMLR,261,,11 KB,Eukaryota; Sar; Stramenopiles; Ochrophyta; Bacillariophyta; Bacillariophyceae; Bacillariophycidae; Bacillariales; Bacillariaceae; Fragilariopsis,linear,urn:local:.:s5-f0oq3yo,Unknown,,"Indian Ocean: Islas Orcadas Cruise, Station 12",,taxon:635003,,,CCMP1102
Fc_OEU17248,OEU17248.1,Fri Sep 30 00:00:00 BST 2016,hypothetical protein FRACYDRAFT_260793 [Fragilariopsis cylindrus CCMP1102],1072232517,Standard,,,Mon Jul 04 12:23:27 BST 2022,AA,Fragilariopsis cylindrus CCMP1102,ALVQGGSLKTWNLNSERIEAVQVLCRTNGRPLKADIELWQGENSPQKISVYTEDGEKRPFSAFVATPYAGPTAIAVKNSANMEFPLRACVEADIQNSGSNDLGSFGPGYGNHLAKHTLQRLWDTAKPKTVQGDGATYVVPFEASIGRVQILITSENNPINARIEILEGPNNVKQVIELTTEDGKSRPFFCVLELPDKVLTNVLRVVNTGPLEFPIECRVKPFEMDKEFDEFDDENFYFFDEVDHVTADAADAGHFVVT,258,,10 KB,Eukaryota; Sar; Stramenopiles; Ochrophyta; Bacillariophyta; Bacillariophyceae; Bacillariophycidae; Bacillariales; Bacillariaceae; Fragilariopsis,linear,urn:local:.:rd-f0oq3ym,Unknown,,"Indian Ocean: Islas Orcadas Cruise, Station 12",,taxon:635003,,,CCMP1102
Fc_OEU18421,OEU18421.1,Fri Sep 30 00:00:00 BST 2016,hypothetical protein FRACYDRAFT_260383 [Fragilariopsis cylindrus CCMP1102],1072233691,Standard,,,Mon Jul 04 12:23:26 BST 2022,AA,Fragilariopsis cylindrus CCMP1102,ENIQGGALKTWSFPDPNVDSVQVFMKTEGTPLTANVELWHGPDSTPHKMAVYLEDGDFRPFSAVIATPRFNANSVSIRNTQTLEYPIEAAVEPDYESLEDITRNIGEDIPKVMQGGAIHTVPFPPSVASVAVLLRTDGRPLNARLELLQGPNNNKQVVEVYTEDGIEHPFFAVIETPGIGNVVRIVNTGTVEFPITAVVEPYTVERGGMYRDSRRGRVGRYGDMDGGDYT,230,,10 KB,Eukaryota; Sar; Stramenopiles; Ochrophyta; Bacillariophyta; Bacillariophyceae; Bacillariophycidae; Bacillariales; Bacillariaceae; Fragilariopsis,linear,urn:local:.:se-f0oq3yp,Unknown,,"Indian Ocean: Islas Orcadas Cruise, Station 12",,taxon:635003,,,CCMP1102
Fc_OEU23439 1,OEU23439.1,Fri Sep 30 00:00:00 BST 2016,"hypothetical protein FRACYDRAFT_179313, partial [Fragilariopsis cylindrus CCMP1102]",1072238712,Standard,,,Mon Jul 04 12:23:27 BST 2022,AA,Fragilariopsis cylindrus CCMP1102,SEIHGGSQKTWSFVQNSNMVQVHMKSDGNPMNANIELWQGPGNTPQKVTLYSEDGKARPFRSFFSTPDSTNGSSNSISIRNTASMEFPIQAVLEGGKETASTSTLGNNNNEKMVQGGATITERFEPNVNSVQVFISSEGRPINCRIELISGPNNIKQVMEVYCEEGNTRPFYTIIETPGYTTGVVRIINCSTMEFPFTSIVQPWDVVSTREMNHQMNTNLGG,222,,10 KB,Eukaryota; Sar; Stramenopiles; Ochrophyta; Bacillariophyta; Bacillariophyceae; Bacillariophycidae; Bacillariales; Bacillariaceae; Fragilariopsis,linear,urn:local:.:t3-f0oq3yr,Unknown,,"Indian Ocean: Islas Orcadas Cruise, Station 12",,taxon:635003,,,CCMP1102
Fc_OEU23439 2,OEU23439.1,Fri Sep 30 00:00:00 BST 2016,"hypothetical protein FRACYDRAFT_179313, partial [Fragilariopsis cylindrus CCMP1102]",1072238712,Standard,,,Mon Jul 04 12:23:27 BST 2022,AA,Fragilariopsis cylindrus CCMP1102,SEIHGGSQKTWSFVQNSNMVQVHMKSDGNPMNANIELWQGPGNTPQKVTLYSEDGKARPFRSFFSTPDSTNGSSNSISIRNTASMEFPIQAVLEGGKETASTSTLGNNNNEKMVQGGATITERFEPNVNSVQVFISSEGRPINCRIELISGPNNIKQVMEVYCEEGNTRPFYTIIETPGYTTGVVRIINCSTMEFPFTSIVQPWDVVSTREMNHQMNTNLGG,222,,10 KB,Eukaryota; Sar; Stramenopiles; Ochrophyta; Bacillariophyta; Bacillariophyceae; Bacillariophycidae; Bacillariales; Bacillariaceae; Fragilariopsis,linear,urn:local:.:sa-f0oq3yo,Unknown,,"Indian Ocean: Islas Orcadas Cruise, Station 12",,taxon:635003,,,CCMP1102
Fs_GAX09684,GAX09684.1,Sat Jun 17 00:00:00 BST 2017,hypothetical protein FisN_19Lh157 [Fistulifera solaris],1210531717,Standard,,,Mon Jul 04 12:23:27 BST 2022,AA,Fistulifera solaris,VTVQGRSLKTWAFPDRDIDKVHLVMKTDGRPLLANVDLWQGPRNTPQRISVYTEDGDVRPFSALIATTGIGSNVVRVVNAATLEFPLKACIVPSTAGGPLPAMQLPAPTVIQGGSLRTWSFEAPTKSVMVLIKTDGRPMNARIELLQGPNTIKQVMELYTEDGVERPFFAVMETPGTGNVVRVVNTAPMEFPLTASVEPFETEVPGVELPQSGILGGSI,219,,9 KB,Eukaryota; Sar; Stramenopiles; Ochrophyta; Bacillariophyta; Bacillariophyceae; Bacillariophycidae; Naviculales; Naviculaceae; Fistulifera,linear,urn:local:.:re-f0oq3ym,19',,,,taxon:1519565,,contig: scaffold00011,JPCC DA0580
Fs_GAX11292,GAX11292.1,Sat Jun 17 00:00:00 BST 2017,hypothetical protein FisN_7Lh399 [Fistulifera solaris],1210530110,Standard,,,Mon Jul 04 12:23:28 BST 2022,AA,Fistulifera solaris,LQVDNYQYRTVQGNSRKTFNTMGGRNEVEFSTDGRELYTDMEVWQGPDNTPQTMKWYAQDGNHRIRATVTSTQYHSIETRNRGTLEFPMNVQMQPQAPGSPTKQQHQPFHGTNSVPAVEFRPIPSHEDRMAKRDPSRGTTIQGDGSVKTYPIDPYTSSVQVLLDGQGFPVYARIELLQGPDCVKILGELYNDGLQNGGEPVRTVLETPGYGSTLRVVNTGPMEYPIICTVAPASYGEPVNNYQQQQSVFDSNGRYI,256,,9 KB,Eukaryota; Sar; Stramenopiles; Ochrophyta; Bacillariophyta; Bacillariophyceae; Bacillariophycidae; Naviculales; Naviculaceae; Fistulifera,linear,urn:local:.:qy-f0oq3yk,7',,,,taxon:1519565,,contig: scaffold00039,JPCC DA0580
Fs_GAX13662,GAX13662.1,Sat Jun 17 00:00:00 BST 2017,hypothetical protein FisN_14Lh324 [Fistulifera solaris],1210527676,Standard,,,Mon Jul 04 12:23:28 BST 2022,AA,Fistulifera solaris,QRLDGGNTVRTFQMPPGVERCQLYFTTEGRPLKAKVELWCGPLRTTHTMVIDSEDGIKFPFRAVLKFKKMYPPQVVKVSTFDPEFPMYAGVMPAGKERNKAIAAYTDAVWENNVKTKVQGGNIKPKGGGAVRTWSFDASVKSVQLVIWSFYVGKKSFNLKVQVLQGPNNTPQEFDLKCGGGSQPYHFICEMPGGGTIRIVNNKFVEDGLTEVVAVPFEYSDDEGPGDVVVDNFADVRQLRSDPRYPTIIPQVLTPQTAWPQGLTAPP,267,,9 KB,Eukaryota; Sar; Stramenopiles; Ochrophyta; Bacillariophyta; Bacillariophyceae; Bacillariophycidae; Naviculales; Naviculaceae; Fistulifera,linear,urn:local:.:t1-f0oq3yr,14',,,,taxon:1519565,,contig: scaffold00071,JPCC DA0580
Fs_GAX14008,GAX14008.1,Sat Jun 17 00:00:00 BST 2017,hypothetical protein FisN_5Lh076 [Fistulifera solaris],1210527373,Standard,,,Mon Jul 04 12:23:27 BST 2022,AA,Fistulifera solaris,LRIEGGGTRKTYGFRNVQKEVVQLALSSEGRPIQADMELWIGPDWTPFKLKAYSEDGLIRPIQTLIGTRNKQATIEIRNSGAYEFPFNAACRYADPPLAEARTNLVPSMGNPRLIQGGAVYSVPFEPTAERVRVLLRTDGRQLNARIELLAGPNNIKQLYEVFTNNGQLNSLYVVFDTPGAGNVVRIVNQGTVEFPAYAYISSV,204,,8 KB,Eukaryota; Sar; Stramenopiles; Ochrophyta; Bacillariophyta; Bacillariophyceae; Bacillariophycidae; Naviculales; Naviculaceae; Fistulifera,linear,urn:local:.:sh-f0oq3yp,5',,,,taxon:1519565,,contig: scaffold00074,JPCC DA0580
Fs_GAX17428,GAX17428.1,Sat Jun 17 00:00:00 BST 2017,hypothetical protein FisN_5Hh076 [Fistulifera solaris],1210523746,Standard,,,Mon Jul 04 12:23:27 BST 2022,AA,Fistulifera solaris,LRIEGGGTRKTYGFRNVQKEVVQLALSSEGRPIQADMELWIGPDWTPFKLKAYSEDGLIRPIQTLIGTRNKQATIEIRNSGAYEFPFNAACRYADPPLAEARTNLVPSMGNPRLIQGGAVYSVPFEPTAERVRVLLRTDGRQLNARIELLAGPNNIKQLYEVFTNNGQLNSLYVVFDTPGAGNVVRIVNQGTVEFPAYAYISSV,204,,8 KB,Eukaryota; Sar; Stramenopiles; Ochrophyta; Bacillariophyta; Bacillariophyceae; Bacillariophycidae; Naviculales; Naviculaceae; Fistulifera,linear,urn:local:.:r8-f0oq3yl,5,,,,taxon:1519565,,contig: scaffold00117,JPCC DA0580
Fs_GAX19579,GAX19579.1,Sat Jun 17 00:00:00 BST 2017,hypothetical protein FisN_19Hh157 [Fistulifera solaris],1210521589,Standard,,,Mon Jul 04 12:23:27 BST 2022,AA,Fistulifera solaris,VTVQGRSLKTWAFPDRDIDKVHLVMKTDGRPLLANVDLWQGPRNTPQRISVYTEDGDVRPFSALIATTGIGSNVVRVVNAATLEFPLKACIVPSTAGGPLPAMQLQSPIVIQGGSLRTWSFEAPTKSVMVLIKTDGRPMNARIELLQGPNTIKQVMELYTEDGVERPFFAVMETPGTGNVVRVVNTAPMEFPLTASVEPFETEVPGAGLPQNGILGGNI,219,,9 KB,Eukaryota; Sar; Stramenopiles; Ochrophyta; Bacillariophyta; Bacillariophyceae; Bacillariophycidae; Naviculales; Naviculaceae; Fistulifera,linear,urn:local:.:rf-f0oq3ym,19,,,,taxon:1519565,,contig: scaffold00137,JPCC DA0580
Fs_GAX19671,GAX19671.1,Sat Jun 17 00:00:00 BST 2017,hypothetical protein FisN_19Hh256 [Fistulifera solaris],1210521681,Standard,,,Mon Jul 04 12:23:26 BST 2022,AA,Fistulifera solaris,VIVQGSSLRTWSFNNPNVERVQVLMRTEGRPLHANIDLWNGPDNTPQKMAVYIEDGSRRPFCAYVETPRGPNAVAIYNTGQLEFPLAANVVADPSREPLAAVRLEQSRTIQGGALHTYPFDPSVQSVAVLLKTDGRPLNARIELLQGPNNNKQVMEVYTEDGLERPFYVIIETPGSGNVIRIVNTATMEFPLTAQLEPLVVDTSGEWSGYSNGMS,215,,9 KB,Eukaryota; Sar; Stramenopiles; Ochrophyta; Bacillariophyta; Bacillariophyceae; Bacillariophycidae; Naviculales; Naviculaceae; Fistulifera,linear,urn:local:.:rn-f0oq3yn,19,,,,taxon:1519565,,contig: scaffold00137,JPCC DA0580
Fs_GAX19674,GAX19674.1,Sat Jun 17 00:00:00 BST 2017,hypothetical protein FisN_19Hh260 [Fistulifera solaris],1210521684,Standard,,,Mon Jul 04 12:23:26 BST 2022,AA,Fistulifera solaris,VIIHGSSLRTWSFANPNVARVQILLRTEGRPMHANIDLWHGPDNTPQKVALYIEDGALRPFHAYVETPRSPNAVAVYNTGQLEFPLAAVVEADILTEPLPNLVIGNSPRVIQGGALHTYPFDPTVQSVAVLLKTDGRPLNARIELLQGPNNNKQVMEVYSEDGLERPFYVVLETPGSGNVIRIVNTATMEFPLTAYLEPVVVDSTYPPGRF,211,,8 KB,Eukaryota; Sar; Stramenopiles; Ochrophyta; Bacillariophyta; Bacillariophyceae; Bacillariophycidae; Naviculales; Naviculaceae; Fistulifera,linear,urn:local:.:s7-f0oq3yo,19,,,,taxon:1519565,,contig: scaffold00137,JPCC DA0580
Fs_GAX19675,GAX19675.1,Sat Jun 17 00:00:00 BST 2017,hypothetical protein FisN_19Hh261 [Fistulifera solaris],1210521685,Standard,,,Mon Jul 04 12:23:26 BST 2022,AA,Fistulifera solaris,VLIQGNSLRTWSFDQNVKRVQLLMRTGGRPMHSNVELWHGPDNTPQKIGLYVEDGNERPMNAVIELPKGPNSVAVFNTGNLEFPLSAGVQPGSEEPMDISVLKTARTIQGGALHTYPFDATVQSVQILLRTEGRPLNARIELLQGPNNNKQVMEVYTEDGYDRPFYVVIATPGSGNVIRLLNTAPLEFPLTASVEPLEVATTFDAMSDGRT,211,,9 KB,Eukaryota; Sar; Stramenopiles; Ochrophyta; Bacillariophyta; Bacillariophyceae; Bacillariophycidae; Naviculales; Naviculaceae; Fistulifera,linear,urn:local:.:pq-f0oq3yg,19,,,,taxon:1519565,,contig: scaffold00137,JPCC DA0580
Fs_GAX19719,GAX19719.1,Sat Jun 17 00:00:00 BST 2017,hypothetical protein FisN_19Hh306 [Fistulifera solaris],1210521729,Standard,,,Mon Jul 04 12:23:26 BST 2022,AA,Fistulifera solaris,VLVQGSTLRTWSFPNPQVERVQVLMKTEGRPLHANIELWQGPDNTPQKLGVYIEDGSVRPFCAVIETPRGPNAVAVYNTGNLEFPFSACVEAAGPKGPVAKGTSKMTPRTIQGGALHTYPFAPQVQSVQVLLKTDGRPLNARIELLQGPNNIKQVMELYTEDGLERPFYCIIESPGSGNVVRVLNTAPMEFPLSACVEPYLVENGPEVTISEGLPGGNI,219,,9 KB,Eukaryota; Sar; Stramenopiles; Ochrophyta; Bacillariophyta; Bacillariophyceae; Bacillariophycidae; Naviculales; Naviculaceae; Fistulifera,linear,urn:local:.:qn-f0oq3yj,19,,,,taxon:1519565,,contig: scaffold00137,JPCC DA0580
Fs_GAX19720,GAX19720.1,Sat Jun 17 00:00:00 BST 2017,hypothetical protein FisN_19Hh307 [Fistulifera solaris],1210521730,Standard,,,Mon Jul 04 12:23:26 BST 2022,AA,Fistulifera solaris,TIIQGNSLRTWSFPSEDIQRVQLLIRTQGRPLHSNVVVWQGPDNDPQKIGIYSEDGIVRPFCCIAETPHGQNAVAVYNTGSLEFPLLASVDAIDASVPLDTNLQDKVGRTIQGGALHTYPFLPNVQSVAVFLKTNGRPLEARIELLQGPNNNKQVMEIESENGKERPFYVVIASPGVGNVIRVLNTAPMEYPLTAVVEPYEMDLD,205,,8 KB,Eukaryota; Sar; Stramenopiles; Ochrophyta; Bacillariophyta; Bacillariophyceae; Bacillariophycidae; Naviculales; Naviculaceae; Fistulifera,linear,urn:local:.:sj-f0oq3yp,19,,,,taxon:1519565,,contig: scaffold00137,JPCC DA0580
Fs_GAX22194,GAX22194.1,Sat Jun 17 00:00:00 BST 2017,hypothetical protein FisN_19Lh256 [Fistulifera solaris],1210518912,Standard,,,Mon Jul 04 12:23:26 BST 2022,AA,Fistulifera solaris,VIVQGSSLRTWSFNNPNVERVQVLMRTEGRPLHANIDLWNGPDNTPQKMAVYIEDGSRRPFCAYVETPRGPNAVAIYNTGQLEFPLAANVVADPSREPLAAVRLEQSRTIQGGALHTYPFDPSVQSVAVLLKTDGRPLNARIELLQGPNNNKQVMEVYTEDGLERPFYVIIETPGSGNVIRIVNTATMEFPLTAQLEPLVVDTSGEWSGYSNGMS,215,,9 KB,Eukaryota; Sar; Stramenopiles; Ochrophyta; Bacillariophyta; Bacillariophyceae; Bacillariophycidae; Naviculales; Naviculaceae; Fistulifera,linear,urn:local:.:qm-f0oq3yj,19',,,,taxon:1519565,,contig: scaffold00180,JPCC DA0580
Fs_GAX22196,GAX22196.1,Sat Jun 17 00:00:00 BST 2017,hypothetical protein FisN_19Lh260 [Fistulifera solaris],1210518914,Standard,,,Mon Jul 04 12:23:26 BST 2022,AA,Fistulifera solaris,VIIHGSSLRTWSFANPNVERVQILLRTEGRPMHANIDLWHGPDNTPQKIALYIEDGALRPFHVYVETPRSPNAVAVYNTATRIPFGGRGGSRRVDGTITESTDWDDVALLLKTDGRPLNARIELLQGPNNNKQVMEVFSEDGLERPFYVVLETPGSGNVVRIVNTATMEFPLTAYLEPVVVDSTYPPGRF,190,,8 KB,Eukaryota; Sar; Stramenopiles; Ochrophyta; Bacillariophyta; Bacillariophyceae; Bacillariophycidae; Naviculales; Naviculaceae; Fistulifera,linear,urn:local:.:qz-f0oq3yk,19',,,,taxon:1519565,,contig: scaffold00180,JPCC DA0580
Fs_GAX22197,GAX22197.1,Sat Jun 17 00:00:00 BST 2017,hypothetical protein FisN_19Lh261 [Fistulifera solaris],1210518915,Standard,,,Mon Jul 04 12:23:26 BST 2022,AA,Fistulifera solaris,VLIQGNSLRTWSFDQNVKRVQLLMRTGGRPMHSNVELWHGPDNTPQKIGLYVEDGNERPMNAVIELPKGPNSVAVFNTGNLEFPLSAGVQPGSEEPMDISVLKTARTIQGGALHTYPFDATVQSVQILLRTEGRPLNARIELLQGPNNNKQVMEVYTEDGYDRPFYVVIATPGSGNVIRLLNTAPLEFPLTASVEPLEVATTFDAMSDGRT,211,,9 KB,Eukaryota; Sar; Stramenopiles; Ochrophyta; Bacillariophyta; Bacillariophyceae; Bacillariophycidae; Naviculales; Naviculaceae; Fistulifera,linear,urn:local:.:qb-f0oq3yi,19',,,,taxon:1519565,,contig: scaffold00180,JPCC DA0580
Fs_GAX22238,GAX22238.1,Sat Jun 17 00:00:00 BST 2017,hypothetical protein FisN_19Lh307 [Fistulifera solaris],1210518956,Standard,,,Mon Jul 04 12:23:26 BST 2022,AA,Fistulifera solaris,TIVQGNSLRTWSFPSEDVQRVQFLIRTQGRPLHSNVVVWQGPDNAPQKIGIYSEDGIVRPFCCIAETPHGQNAVAVYNTASLEFPLLASVDAIDANTPLDTNLRDKLGRTIQGGALHTYPFLPNVQSVAVFLRTNGRPLEARIELLQGPNNNKQVMEIESENGRERPFYVVIASPGVGNVIRVLNTAPMEYPMTAIVEPYEMDLD,205,,8 KB,Eukaryota; Sar; Stramenopiles; Ochrophyta; Bacillariophyta; Bacillariophyceae; Bacillariophycidae; Naviculales; Naviculaceae; Fistulifera,linear,urn:local:.:qv-f0oq3yk,19',,,,taxon:1519565,,contig: scaffold00180,JPCC DA0580
Fs_GAX23503,GAX23503.1,Sat Jun 17 00:00:00 BST 2017,hypothetical protein FisN_14Hh324 [Fistulifera solaris],1210517588,Standard,,,Mon Jul 04 12:23:28 BST 2022,AA,Fistulifera solaris,QRLDGGNTVRTFQMPPGVERCQLYFTTEGRPLKAKVELWCGPLRTTHTMVIDSEDGIKFPFRAVLKFKKMYPPQVVKVSTFDPEFPMYAGVMPAGKERNKAIAAYTDAVWENSVKTKVQGGNIKPKGGGAVRTWSFDASVKSVQLVIWSFYVGKKSFNLKVQVLQGPNNTPQEFDLKCGGGSQPYHFICEMPGGGTIRIVNNKFVEDGLTEVVAVPFEYSDDEGPGDVVVDNFADVRQLRSDPRYPTIIPQVLTPQTAWPQGLTAPP,267,,9 KB,Eukaryota; Sar; Stramenopiles; Ochrophyta; Bacillariophyta; Bacillariophyceae; Bacillariophycidae; Naviculales; Naviculaceae; Fistulifera,linear,urn:local:.:ru-f0oq3yn,14,,,,taxon:1519565,,contig: scaffold00203,JPCC DA0580
Fs_GAX29010,GAX29010.1,Sat Jun 17 00:00:00 BST 2017,hypothetical protein FisN_7Hh399 [Fistulifera solaris],1210511770,Standard,,,Mon Jul 04 12:23:28 BST 2022,AA,Fistulifera solaris,LQVDNYQYRTVQGNSRKTFNTMGGRNEVEFSTDGRELYTDMEVWQGPDNTPQTMKWYAQDGNHRIRATVTSSQYHSIETRNRGTLEFPMNVQMQPQAPGSPTEQQHQPFHGTNSVPAVEFRPIPSHEDRMANRDPSRGTTIQGDGSVKTYPIDPYTSSVQVLLDGQGFPVYARIELLQGPDCVKILGELYNDGLQNGGEPVRTVLETPGYGSTLRVVNTGPMEYPIICTVAPASYGEPVHSYQQQQSVFDSNGRYI,256,,9 KB,Eukaryota; Sar; Stramenopiles; Ochrophyta; Bacillariophyta; Bacillariophyceae; Bacillariophycidae; Naviculales; Naviculaceae; Fistulifera,linear,urn:local:.:py-f0oq3yh,7,,,,taxon:1519565,,contig: scaffold00287,JPCC DA0580
Ni_KAG7336986,KAG7336986.1,Wed Jul 07 00:00:00 BST 2021,hypothetical protein IV203_017435 [Nitzschia inconspicua],2064319088,Standard,,,Mon Jul 04 12:23:27 BST 2022,AA,Nitzschia inconspicua,TVIQGSSLRTWNFLSSKLEAVQVLLKTNGRPLHANIELWQGEDHTPQKISVYTEDGEARPFSAFLATPFDGPTAIAVKNSANMEFPLKACVEGDLYTTSQSNEGGLFGNAGGPGYGNRLAQATLRRLYESAKPRVVQGDGASYVVPFDESVSRVQILITTEERPLNARIELLQGPNNIKQVIEVSTEDGMARPFFAVLETPGLANAMRIVNTGPVEFPIDCRVEPFSVVDAIDSNYFFDTFDNPQLEQQQTKNNPLNVFTKLLGGRG,267,,9 KB,Eukaryota; Sar; Stramenopiles; Ochrophyta; Bacillariophyta; Bacillariophyceae; Bacillariophycidae; Bacillariales; Bacillariaceae; Nitzschia,linear,urn:local:.:t7-f0oq3yr,,2015-07,"USA: stream near Lihue on the island of Kauai, Hawaii",,taxon:303405,tidal stream,formerly called GAI293 and GAI-293,hildebrandi
Ni_KAG7337768,KAG7337768.1,Wed Jul 07 00:00:00 BST 2021,hypothetical protein IV203_024864 [Nitzschia inconspicua],2064319926,Standard,,,Mon Jul 04 12:23:28 BST 2022,AA,Nitzschia inconspicua,KNIQGNKALKTWTIENEDVERVQVLLKNDGTPLAGLVEVWTGPDSTPQRISVRSDNGMDYPFSAVLEVPPDQSSIAIRNLGPMEFPMGACVVADVEDAMAGGNKVAGTGAIVRTLDDLGMHMFINGEDSMESFRFEKHVESVQVLLKTDGRPLHARLELVQGPNDSKQTIDIFSENGETQPFFAVIDTPGASTIRVINTAPSMVFPLTAVVEPYMVDETYVPPSPEGQPAEVDVSDSYF,239,,10 KB,Eukaryota; Sar; Stramenopiles; Ochrophyta; Bacillariophyta; Bacillariophyceae; Bacillariophycidae; Bacillariales; Bacillariaceae; Nitzschia,linear,urn:local:.:rp-f0oq3yn,,2015-07,"USA: stream near Lihue on the island of Kauai, Hawaii",,taxon:303405,tidal stream,formerly called GAI293 and GAI-293,hildebrandi
Ni_KAG7339602,KAG7339602.1,Wed Jul 07 00:00:00 BST 2021,hypothetical protein IV203_025195 [Nitzschia inconspicua],2064322009,Standard,,,Mon Jul 04 12:23:26 BST 2022,AA,Nitzschia inconspicua,IKVQGGSLRTWSFTTPAIDSVQVHLKTEGRPLNANVELWQGPDNTPQKMAVYLEDGNLRPFRAVIASPGSQNSIAIRNTAQMEYPLHAGVEADIKDGGIENFTDKLSKMATPRIIQGGAVFTMPFSPSVASVQVLLKTDGRPLNARIELLQGPNNVKQVMEVYTEDGTERPFFAIIETPGTGNVVRIVNTATVEFPLSCNLEPFLVEEGSDDMFVISEEQGTESAS,226,,10 KB,Eukaryota; Sar; Stramenopiles; Ochrophyta; Bacillariophyta; Bacillariophyceae; Bacillariophycidae; Bacillariales; Bacillariaceae; Nitzschia,linear,urn:local:.:q9-f0oq3yi,,2015-07,"USA: stream near Lihue on the island of Kauai, Hawaii",,taxon:303405,tidal stream,formerly called GAI293 and GAI-293,hildebrandi
Ni_KAG7341501,KAG7341501.1,Wed Jul 07 00:00:00 BST 2021,hypothetical protein IV203_023453 [Nitzschia inconspicua],2064324026,Standard,,,Mon Jul 04 12:23:28 BST 2022,AA,Nitzschia inconspicua,RKMQGGGTVRTWDIPPEAERLYYYIRTNGRPLKAMVELWVGPIRRIHSVKIENEDGNTTPYRAMLKFKPGTKSLKISTTGSHEFPLEFGAEVPNMQRMKESWVATQKVFDMGPKTIVQGGSTEGGGGSVRYFNIPDNVESVQMIMWSRDLGKRTVKAKIEVLQGPNSIRQLYDLHCGGSTQPYHAIIPTPGTGWTIRVIATNYMEFPFEAVITPYEELDESGYGYYGPNSYDLGSGDWHGP,241,,10 KB,Eukaryota; Sar; Stramenopiles; Ochrophyta; Bacillariophyta; Bacillariophyceae; Bacillariophycidae; Bacillariales; Bacillariaceae; Nitzschia,linear,urn:local:.:pp-f0oq3yg,,2015-07,"USA: stream near Lihue on the island of Kauai, Hawaii",,taxon:303405,tidal stream,formerly called GAI293 and GAI-293,hildebrandi
Ni_KAG7342993,KAG7342993.1,Wed Jul 07 00:00:00 BST 2021,hypothetical protein IV203_020938 [Nitzschia inconspicua],2064325571,Standard,,,Mon Jul 04 12:23:26 BST 2022,AA,Nitzschia inconspicua,IQIQGGSLKTWTFPSPRVESVQVFLKTEGRPLNANVEVWQGPDNTPMQVAVYVEDGAMRPFSAVIGTPHNYPSSISIRNTATMEFPLEALLEPDREPIEAYTRQALTPRIPSKIVQGGAVHTIPFSPSVQSVALLLRTDGRPLNARIELLQGPNNNKQVMEVYSEDGLDRPFFTILETPGYGNVVRIVNTAVMEFPLTADVQPYMVDESYDELSYLREWEQNNRNTGGAPN,231,,10 KB,Eukaryota; Sar; Stramenopiles; Ochrophyta; Bacillariophyta; Bacillariophyceae; Bacillariophycidae; Bacillariales; Bacillariaceae; Nitzschia,linear,urn:local:.:tc-f0oq3ys,,2015-07,"USA: stream near Lihue on the island of Kauai, Hawaii",,taxon:303405,tidal stream,formerly called GAI293 and GAI-293,hildebrandi
Ni_KAG7342996,KAG7342996.1,Wed Jul 07 00:00:00 BST 2021,hypothetical protein IV203_020941 [Nitzschia inconspicua],2064325574,Standard,,,Mon Jul 04 12:23:26 BST 2022,AA,Nitzschia inconspicua,ENIQGGALKTWSFPDPNVDSVQVFMKTEGTPLTANVELWHGPDSTPHKMAVYLEDGDFRPFSAVIATPRFNANSVSIRNTQTLEYPIEAAVEPDYESLEDITRNIGEEIPKIMQGGAIHTVPFPPSVASVAVLLRTDGRPLNARVELLQGPNNNKQVVEVYTEDGIEHPFFAVIETPGIGNVIRIVNTGTVEFPITAVVEPYTVERGGMYRDSRRGAYRDYARGGYGMD,229,,10 KB,Eukaryota; Sar; Stramenopiles; Ochrophyta; Bacillariophyta; Bacillariophyceae; Bacillariophycidae; Bacillariales; Bacillariaceae; Nitzschia,linear,urn:local:.:rt-f0oq3yn,,2015-07,"USA: stream near Lihue on the island of Kauai, Hawaii",,taxon:303405,tidal stream,formerly called GAI293 and GAI-293,hildebrandi
Ni_KAG7343481,KAG7343481.1,Wed Jul 07 00:00:00 BST 2021,hypothetical protein IV203_021426 [Nitzschia inconspicua],2064326059,Standard,,,Mon Jul 04 12:23:26 BST 2022,AA,Nitzschia inconspicua,TLIQGGSIRTWTFATPLISSVQVHLKTEGRPMNANVELWEGPDNTPQKVAVYVEDGKVRPVVCFLNTPLCQNSVSIRNTAQMEYPMQAVLEPSKLPTGDDDDVELAVKLDRLASARPRLIQGGAVWTVPIPSHTDSVQLLLETQGRPLNARIELLSGPNNVKHVMEVYCEDGKVRPFYSIIQTPGVGNVIRIVNTATVEFPLTAVVEGWDVRIDEDYDERGRNAAGGSGMVADSQDNNPLLRLGGTQK,248,,10 KB,Eukaryota; Sar; Stramenopiles; Ochrophyta; Bacillariophyta; Bacillariophyceae; Bacillariophycidae; Bacillariales; Bacillariaceae; Nitzschia,linear,urn:local:.:rk-f0oq3ym,,2015-07,"USA: stream near Lihue on the island of Kauai, Hawaii",,taxon:303405,tidal stream,formerly called GAI293 and GAI-293,hildebrandi
Ni_KAG7347687,KAG7347687.1,Wed Jul 07 00:00:00 BST 2021,hypothetical protein IV203_016392 [Nitzschia inconspicua],2064330439,Standard,,,Mon Jul 04 12:23:27 BST 2022,AA,Nitzschia inconspicua,TTIQGSSLRTWSFTTDKIQSVQVSLFTEGRPLSANVDVWTGPDSTPQRMSVYLEDGSIRPFNAVVFVPSSVGGQKHAVAVKNTGQMAFPIQAAVEVGSIFSSPAFSMDDVAQRLFATHSGKTIQGGSVKTIPFSPSVTSIQLLLNSDGRPLNARIEMLQGPDNVKQVMEIHTEDGNARPFFAIIETPGYGNVVRIKNTGPMEFPIECRVEPYTVEDDGLFDPSFGDPRGDFS,232,,10 KB,Eukaryota; Sar; Stramenopiles; Ochrophyta; Bacillariophyta; Bacillariophyceae; Bacillariophycidae; Bacillariales; Bacillariaceae; Nitzschia,linear,urn:local:.:r3-f0oq3yl,,2015-07,"USA: stream near Lihue on the island of Kauai, Hawaii",,taxon:303405,tidal stream,formerly called GAI293 and GAI-293,hildebrandi
Ni_KAG7347717,KAG7347717.1,Wed Jul 07 00:00:00 BST 2021,hypothetical protein IV203_016422 [Nitzschia inconspicua],2064330469,Standard,,,Mon Jul 04 12:23:26 BST 2022,AA,Nitzschia inconspicua,IKVQGGSLRTWSFTTPLIDSVQVHLKTEGRPLNANVELWQGPDNTPQKIAVYLEDGAVRPFRAVIMSPGDQNSVAIRNTAQMEYPLFAGVEANVKEPGNSMSISQRLDQIVATKIIQGGAVFTMPFSPSVASVQVLLKTDGRPLNARIELLQGPNNVKQVMEVYTEDGTARPFYTILETPGTGNVVRIVNTATVEFPISANVEPFMVEENSDDLFVVSEDGTESSS,226,,10 KB,Eukaryota; Sar; Stramenopiles; Ochrophyta; Bacillariophyta; Bacillariophyceae; Bacillariophycidae; Bacillariales; Bacillariaceae; Nitzschia,linear,urn:local:.:t4-f0oq3yr,,2015-07,"USA: stream near Lihue on the island of Kauai, Hawaii",,taxon:303405,tidal stream,formerly called GAI293 and GAI-293,hildebrandi
Ni_KAG7351671,KAG7351671.1,Wed Jul 07 00:00:00 BST 2021,hypothetical protein IV203_007719 [Nitzschia inconspicua],2064334554,Standard,,,Mon Jul 04 12:23:28 BST 2022,AA,Nitzschia inconspicua,KRIEGGGTVRTWDIPPETERLQYVVETNGRPLKCKVELWEGPIRLLHMMDINLEDGNQTPFKAMLAFPKGQKALKISTTGSHEFPAIFGAEVPSFQRTKELAAFQQDVWDSNPKHTMQGTVSEGGLGAVKAFPIPDNVESVQIMWWSKDTGKRATKSKVEVLQGPNSIRQVYDLHCEGSTQPYHAVIETPGTGWTIRMWSKAPLEYPHEIVVEPYKVSDAGDSLLANNR,229,,10 KB,Eukaryota; Sar; Stramenopiles; Ochrophyta; Bacillariophyta; Bacillariophyceae; Bacillariophycidae; Bacillariales; Bacillariaceae; Nitzschia,linear,urn:local:.:sr-f0oq3yq,,2015-07,"USA: stream near Lihue on the island of Kauai, Hawaii",,taxon:303405,tidal stream,formerly called GAI293 and GAI-293,hildebrandi
Ni_KAG7365769,KAG7365769.1,Wed Jul 07 00:00:00 BST 2021,hypothetical protein IV203_028439 [Nitzschia inconspicua],2064348903,Standard,,,Mon Jul 04 12:23:28 BST 2022,AA,Nitzschia inconspicua,KRIEGGGTVRTWDIPPETERLQYVVETNGRPLKCKVELWEGPIRLLHMMDINLEDGNQTPFKAMLAFPKGQKALKISTTGSHEFPAIFGAEVPSFQRTKELAAFQQDVWDSNPKHTMQGTVSEGGLGAVKAFPIPDNVESVQIMWWSKDTGKRATKSKVEVLQGPNSIRQVYDLHCEGSTQPYHAVIETPGTGWTIRMWSKAPLEYPHEIVVEPYKVSDAGDSLLANNR,229,,10 KB,Eukaryota; Sar; Stramenopiles; Ochrophyta; Bacillariophyta; Bacillariophyceae; Bacillariophycidae; Bacillariales; Bacillariaceae; Nitzschia,linear,urn:local:.:sv-f0oq3yq,,2015-07,"USA: stream near Lihue on the island of Kauai, Hawaii",,taxon:303405,tidal stream,formerly called GAI293 and GAI-293,hildebrandi
Ni_KAG7368335,KAG7368335.1,Wed Jul 07 00:00:00 BST 2021,hypothetical protein IV203_031078 [Nitzschia inconspicua],2064351474,Standard,,,Mon Jul 04 12:23:27 BST 2022,AA,Nitzschia inconspicua,TVIQGSSLRTWNFLSSKLEAVQVLLKTNGRPLHANIELWQGEDHTPQKISVYTEDGEARPFSAFLATPFDGPTAIAVKNSANMEFPLKACVEGDLYTTSQSNEGGLFGNAGGPGYGNRLAQATLRRLYESAKPRVVQGDGASYVVPFDESVSRVQILITTEERPLNARIELLQGPNNIKQVIEVSTEDGMARPFFAVLETPGLANAMRIVNTGPVEFPIDCRVEPFSVVDAIDSNYFFDTFDNPQLEQQQPKNNPLNVFTKLLGGRG,267,,9 KB,Eukaryota; Sar; Stramenopiles; Ochrophyta; Bacillariophyta; Bacillariophyceae; Bacillariophycidae; Bacillariales; Bacillariaceae; Nitzschia,linear,urn:local:.:s0-f0oq3yo,,2015-07,"USA: stream near Lihue on the island of Kauai, Hawaii",,taxon:303405,tidal stream,formerly called GAI293 and GAI-293,hildebrandi
Ni_KAG7368347,KAG7368347.1,Wed Jul 07 00:00:00 BST 2021,hypothetical protein IV203_031090 [Nitzschia inconspicua],2064351486,Standard,,,Mon Jul 04 12:23:27 BST 2022,AA,Nitzschia inconspicua,TTIQGSSLRTWSFTTDKIQSVQVSLFTEGRPLSANVDVWTGPDSTPQRMSVYLEDGSIRPFNAVVFVPSSVGGQKHAVAVKNTGQMAFPIQAAVEVGSIFSSPAFSMDDVAQRLFATHSGKTIQGGSVKTIPFSPSVTSIQLLLNSDGRPLNARIEMLQGPDNVKQVMEIHTEDGNARPFFAIIETPGYGNVVRIKNTGPMEFPIECRVEPYTVEDDGFFDPSFGDPRGDFS,232,,10 KB,Eukaryota; Sar; Stramenopiles; Ochrophyta; Bacillariophyta; Bacillariophyceae; Bacillariophycidae; Bacillariales; Bacillariaceae; Nitzschia,linear,urn:local:.:qs-f0oq3yk,,2015-07,"USA: stream near Lihue on the island of Kauai, Hawaii",,taxon:303405,tidal stream,formerly called GAI293 and GAI-293,hildebrandi
Ni_KAG7368375,KAG7368375.1,Wed Jul 07 00:00:00 BST 2021,hypothetical protein IV203_031118 [Nitzschia inconspicua],2064351514,Standard,,,Mon Jul 04 12:23:26 BST 2022,AA,Nitzschia inconspicua,IKVQGGSLRTWSFTTPLIDSVQVHLKTEGRPLNANVELWQGPDNTPQKIAVYLEDGAVRPFRAVIMSPGDQNSVAIRNTAQMEYPLFAGVEANVKEPGNSMSISQRLDQIVATKIIQGGAVFTMPFSPSVASVQVLLKTDGRPLNARIELLQGPNNVKQVMEVYTEDGTARPFYTILETPGTGNVVRIVNTATVEFPISANVEPFMVEENSDDLFVVSEDGTESSS,226,,10 KB,Eukaryota; Sar; Stramenopiles; Ochrophyta; Bacillariophyta; Bacillariophyceae; Bacillariophycidae; Bacillariales; Bacillariaceae; Nitzschia,linear,urn:local:.:qt-f0oq3yk,,2015-07,"USA: stream near Lihue on the island of Kauai, Hawaii",,taxon:303405,tidal stream,formerly called GAI293 and GAI-293,hildebrandi
Ni_KAG7372091,KAG7372091.1,Wed Jul 07 00:00:00 BST 2021,hypothetical protein IV203_018234 [Nitzschia inconspicua],2064355238,Standard,,,Mon Jul 04 12:23:26 BST 2022,AA,Nitzschia inconspicua,IQIQGGSLKTWTFPSPRVESVQVFLKTEGRPLNANVEVWQGPDNTPMQVAVYVEDGAMRPFSAVIGTPHNYPSSISIRNTATMEFPLEALLEPDREPIEAYTRQALTPRIPSKTVQGGAVHTIPFSPSVQSVALLLRTDGRPLNARIELLQGPNNNKQVMEVYSEDGLDRPFFTILETPGYGNVVRIVNTAVMEFPLTADVQPYMVDESYDELSYLREWEQNNRNTGGAPN,231,,10 KB,Eukaryota; Sar; Stramenopiles; Ochrophyta; Bacillariophyta; Bacillariophyceae; Bacillariophycidae; Bacillariales; Bacillariaceae; Nitzschia,linear,urn:local:.:qu-f0oq3yk,,2015-07,"USA: stream near Lihue on the island of Kauai, Hawaii",,taxon:303405,tidal stream,formerly called GAI293 and GAI-293,hildebrandi
Ni_KAG7372653,KAG7372653.1,Wed Jul 07 00:00:00 BST 2021,hypothetical protein IV203_018796 [Nitzschia inconspicua],2064355800,Standard,,,Mon Jul 04 12:23:26 BST 2022,AA,Nitzschia inconspicua,TWIQGGSIRTWTFATPLISSVQVHLKTEGRPMNANVELWEGPDNTPQKVAVYVEDGKVRPVVCFMNTPLCQNSVSIRNTAQMEYPMQAVLEPSKLPTGDDDIELAVKLDRLASARPRLIQGGAVWTVPIPSNTDSVQLLLETQGRPLNARIELLSGPNNVKQVMEVYCEDGKVRPFYSIIQTPGVGNVIRIVNTATVEFPLTAVVEGWDVRIDEDDERRNAAARSGTVADSQDNNPLLRLGGTQK,245,,10 KB,Eukaryota; Sar; Stramenopiles; Ochrophyta; Bacillariophyta; Bacillariophyceae; Bacillariophycidae; Bacillariales; Bacillariaceae; Nitzschia,linear,urn:local:.:qk-f0oq3yj,,2015-07,"USA: stream near Lihue on the island of Kauai, Hawaii",,taxon:303405,tidal stream,formerly called GAI293 and GAI-293,hildebrandi
Ni_KAH8057238,KAH8057238.1,Fri Dec 03 00:00:00 GMT 2021,"calcium, potassium:sodium antiporter [Aureococcus anophagefferens]",2159060116,Standard,,,Mon Jul 04 12:23:28 BST 2022,AA,Aureococcus anophagefferens,IRIEGGQTLKTFKMPPHAERVQYILTSPNGRPVKARVELWIGPIRCVHELIYDCMNGFDFPLKATLQFKKLSPVLKIMGDADFEFPLVAGVFVPSPEESDKIGNANKDMFYSAPLKDKVQGGSTIDDKGGAIRSLDIPPSWEKTQIMVWSTDTGKKSFKTNIEVLSGPNNQKQHLNLRCGGSTQPYHAVIDTPGSSQWVIRCNSKKYLEDGLFEIAVAPYGPTVDEGPPAVVLNSGF,237,,7 KB,Eukaryota; Sar; Stramenopiles; Ochrophyta; Pelagophyceae; Pelagomonadales; Aureococcus,linear,urn:local:.:sf-f0oq3yp,,2020-08,,,taxon:44056,,,CCMP1707
Ob_HBO57542.1,,Mon May 30 15:46:24 BST 2022,A new protein sequence entered manually,,,,,Mon Jul 04 12:23:26 BST 2022,AA,Opituae bacterium,ILVQGGSLRTWSYRSPLVEQVEVVLSTEGRPLDADLELWHGPDNTPCKIRAYVENGQVRPFSAVIATPRGPNTIAIRNIGQIEFPLAAKVSAKDIEMPSVDSVKASTTIQGGALRTYPFDALVKSVEVNLKTDGRPLNARIELLQGPNNNKQVVELYTEDGFTRPFFCVIETPGSGNVVRVVNTAPVEFPMTASVLPHTIDNEFSSYDNLDGDVVMGGDL,220,,1 KB,,linear,urn:local:.:rg-f0oq3ym,,,,,,,,
Pb_NDD31680.1,,Mon May 30 15:49:44 BST 2022,A new protein sequence entered manually,,,,,Mon Jul 04 12:23:25 BST 2022,AA,Proteobacteria bacterium,ILVQGGSLRTWSYRSPSVEQVQVVLSTEGRPLDADIELWHGPDNTPCKMRVYVENGQLRPFSAVIETPRGPNTVAIRNIGQIEFPIAANVIADQVDSPSPDCIQASATIQGGALRTYPFDPTVDSVQILLKTDGRPLNARIELLQGPNNNKQVIELYTEDGLDRPFFCVLETPGAGNVVRIVNTAPVEFPMTAGVVPGSINQEMGSGAILGGDVVLGGDA,220,,1 KB,,linear,urn:local:.:s2-f0oq3yo,,,,,,,,
P-nm_VEU38824,VEU38824.1,Mon Jan 28 00:00:00 GMT 2019,unnamed protein product [Pseudo-nitzschia multistriata],1572201539,Standard,,,Mon Jul 04 12:23:27 BST 2022,AA,Pseudo-nitzschia multistriata,AEVQGGSLRTWSFADQHKIDMIQVHMKTDGRPMNANVELWQGPDNVPQKVAIYCEDGSTRPFRCFLATPYTGNSISIRNTGSLEYPLQAILEGGKVGMNDPETKEKMERVQTAKPKICQGGAVITERFEPGVQSAQIFLQSEGRPLQCRIELIQGPNNVKQVMEVYTEEGTTRPFYAIIQTPGYGTGVIRIVNTSTLEFPFSVTVQPWDVGFADDDYDARPTGGSPFFEISGGAEGRGIGNSNLRSVGSPTDSMGGMFGSFGSS,264,,8 KB,Eukaryota; Sar; Stramenopiles; Ochrophyta; Bacillariophyta; Bacillariophyceae; Bacillariophycidae; Bacillariales; Bacillariaceae; Pseudo-nitzschia,linear,urn:local:.:s6-f0oq3yo,,,,,taxon:183589,F2 strain derived from a cross of two F1 strains in turn derived from the cross of two wild strains isolated at the LTER MareChiara station in the Gulf of Naples,contig: contig189,B856
P-nm_VEU39335,VEU39335.1,Mon Jan 28 00:00:00 GMT 2019,unnamed protein product [Pseudo-nitzschia multistriata],1572200845,Standard,,,Mon Jul 04 12:23:28 BST 2022,AA,Pseudo-nitzschia multistriata,RKMQGGGTVRTWDIPPEAERLSYYIRTNGRPLKALVELWVGPIRRIHSVDIECEDGDQTPFRAMLKFKPGTKTLKISTTGSHEFPIEFGAEVPNAQRMEETWAATQKVFDTSPKTTVQGGSTEGGGGSVRYFNIPDDVETTQMVLWSRDIGKRTVKAQIEVLQGPNSVRQLYTLHCGGSTQPYHCVIPTPGPGWTIRIIATNYMEFPFSAVVTPYELTGEVDQFGHGPAPLYMN,234,,7 KB,Eukaryota; Sar; Stramenopiles; Ochrophyta; Bacillariophyta; Bacillariophyceae; Bacillariophycidae; Bacillariales; Bacillariaceae; Pseudo-nitzschia,linear,urn:local:.:r6-f0oq3yl,,,,,taxon:183589,F2 strain derived from a cross of two F1 strains in turn derived from the cross of two wild strains isolated at the LTER MareChiara station in the Gulf of Naples,contig: contig216,B856
Pt_XP_002179817,XP_002179817.1,Wed Dec 31 00:00:00 GMT 2008,predicted protein [Phaeodactylum tricornutum CCAP 1055/1],219118069,Standard,,,Mon Jul 04 12:23:26 BST 2022,AA,Phaeodactylum tricornutum CCAP 1055/1,VIVQGGSLKTWSFPNPSVERVQVVMNTEGRPLDADIELWQGPDNTPFKMRVYVEDGSLRPFRAVIETPRGPNTIAIRNTGHLEFPLSSYVMAGSADNGFVASSIDESTPRIIQGGALRTYPFNPSVESVQVALRTDGRPLNARIELLQGPNNNKQVIELYTEDGMDRPFFAVIETPGSGNVVRVVNTATVEFPMTALVEAYQVGNSRSNANTVIGGEGG,219,,11 KB,Eukaryota; Sar; Stramenopiles; Ochrophyta; Bacillariophyta; Bacillariophyceae; Bacillariophycidae; Naviculales; Phaeodactylaceae; Phaeodactylum,linear,urn:local:.:rw-f0oq3yn,7,,United Kingdom: Blackpool,,taxon:556484,,,CCAP 1055/1
Pt_XP_002179818,XP_002179818.1,Wed Dec 31 00:00:00 GMT 2008,predicted protein [Phaeodactylum tricornutum CCAP 1055/1],219118071,Standard,,,Mon Jul 04 12:23:26 BST 2022,AA,Phaeodactylum tricornutum CCAP 1055/1,VTVQGGSLKTWSFPNPSVERVQVVMNTEGRPLDADIELWQGPDNTPYKMRVYVEDGSLRPFRAVIETPRGPNTIAIRNTGHLEFPLAAYVMAGSADNGFVAKTTEETIPRVIQGGALRTYPFDPTVESVQVALRTDGRPLNVRIELLQGPNNNKQVMELYTEDGMDRPFFCVIETPGSGNVVRVVNTATMEFPMTALVEAYQVSNGNSASNPVIGGGS,218,,11 KB,Eukaryota; Sar; Stramenopiles; Ochrophyta; Bacillariophyta; Bacillariophyceae; Bacillariophycidae; Naviculales; Phaeodactylaceae; Phaeodactylum,linear,urn:local:.:sm-f0oq3yp,7,,United Kingdom: Blackpool,,taxon:556484,,,CCAP 1055/1
Pt_XP_002185104,XP_002185104.1,Wed Dec 31 00:00:00 GMT 2008,predicted protein [Phaeodactylum tricornutum CCAP 1055/1],219129876,Standard,,,Mon Jul 04 12:23:26 BST 2022,AA,Phaeodactylum tricornutum CCAP 1055/1,VTVQGGSLKTWSFPNPSVERVQVVMNTEGRPLDADIELWQGPDNTPYKMRVYVEDGSLRPFRAVIETPRGPNTIAIRNTGHLEFPLAAYVMAGSADNGFVAKTTEETIPRVIQGGALRTYPFDPTVESVQVALRTDGRPLNVRIELLQGPNNNKQVMELYTEDGMDRPFFCVIETPGSGNVVRVVNTATMEFPMTALVEAYQVSNGNSASNPVIGGGS,218,,11 KB,Eukaryota; Sar; Stramenopiles; Ochrophyta; Bacillariophyta; Bacillariophyceae; Bacillariophycidae; Naviculales; Phaeodactylaceae; Phaeodactylum,linear,urn:local:.:pm-f0oq3yg,28,,United Kingdom: Blackpool,,taxon:556484,,,CCAP 1055/1
To_EJK47227,EJK47227.1,Wed Jul 25 00:00:00 BST 2012,hypothetical protein THAOC_34071 [Thalassiosira oceanica],397570290,Standard,,,Mon Jul 04 12:23:28 BST 2022,AA,Thalassiosira oceanica,GRIQGGSRNTYQTTGGRTFVETDGRPLDVEMEVWEGPNNSPTKVKMYSEDGRSRPMNILTGGGMGVTSVRNVGSMEFPVRAGVSGGYDNYGYGAPGGMPYGGGGYGSPQHSMTRGETVQGGSLKTFSLPSNVNAAQVTITSDGLPVNAKVELWGTSTQVKQLAEVYNDNGQTRPFSAIIDVPGGGEHHRCQEHGPDGVPNTGGSGASRRRHGHGRHGRRLWLW,223,,8 KB,Eukaryota; Sar; Stramenopiles; Ochrophyta; Bacillariophyta; Coscinodiscophyceae; Thalassiosirophycidae; Thalassiosirales; Thalassiosiraceae; Thalassiosira,linear,urn:local:.:ps-f0oq3yh,,,,,taxon:159749,,,CCMP1005
To_EJK66758,EJK66758.1,Wed Jul 25 00:00:00 BST 2012,hypothetical protein THAOC_12288 [Thalassiosira oceanica],397622689,Standard,,,Mon Jul 04 12:23:28 BST 2022,AA,Thalassiosira oceanica,QQIQGGNSRLTYKMPQGADRAQIYIQTNGRPLKARVELWLGPIRRVHFMDISNMNGAETPYRGCVKFKNTDSAGPQTLEISTSEDQAFPCFVGVDVMTPERSKERQQVFDETWKASQKIYSQGDKTIRSIPIADHCKSVQLLVWSKDVGKKSFKANVEFLQGPNCKRQYYQLQCGGSTQPYQAVFETPGNGWTMRWQNTKTLHDGSHEFVIIPHELESDAPPEVVAAFEANSGSVNSGSHLGGSYGSS,248,,8 KB,Eukaryota; Sar; Stramenopiles; Ochrophyta; Bacillariophyta; Coscinodiscophyceae; Thalassiosirophycidae; Thalassiosirales; Thalassiosiraceae; Thalassiosira,linear,urn:local:.:q4-f0oq3yi,,,,,taxon:159749,,,CCMP1005
To_EJK67898,EJK67898.1,Wed Jul 25 00:00:00 BST 2012,"hypothetical protein THAOC_10998, partial [Thalassiosira oceanica]",397625724,Standard,,,Mon Jul 04 12:23:28 BST 2022,AA,Thalassiosira oceanica,GRIQGGSRNTYQTTGGRTFVETDGRPLDVEMEVWEGPNNSPTKVKMYSEDGRSRPMNILTGGGMGVTSVRNVGSMEFPVRAGVSGGYDNYGYGAPGGMPYGGGGYGSPQHSMTRGETVQGGSLKTFSLPSNVNAAQVTITSDGLPVNAKVELWGTSTQVKQLDDLR,166,,8 KB,Eukaryota; Sar; Stramenopiles; Ochrophyta; Bacillariophyta; Coscinodiscophyceae; Thalassiosirophycidae; Thalassiosirales; Thalassiosiraceae; Thalassiosira,linear,urn:local:.:r4-f0oq3yl,,,,,taxon:159749,,,CCMP1005
To_EJK70567,EJK70567.1,Wed Jul 25 00:00:00 BST 2012,hypothetical protein THAOC_08056 [Thalassiosira oceanica],397632469,Standard,,,Mon Jul 04 12:23:27 BST 2022,AA,Thalassiosira oceanica,VRIEGSSREHWEFPDPNQEIVQVGIDSSGRPVEALAELWIGPDWTPMKVKAYTEDGMMRPIQTLIGTRNKAAAIDINNTGPGDFPLNAAACYANPGLVAQRADLLTANQGRYIEGGAVHSVNFDATVDQVQVLLYTDTRQLNAQVELLNGPNNFKQKYEVFTNNGLLNSLYVVFNTPGSGNVVRVTNLAPLEFPCKAFIASV,202,,7 KB,Eukaryota; Sar; Stramenopiles; Ochrophyta; Bacillariophyta; Coscinodiscophyceae; Thalassiosirophycidae; Thalassiosirales; Thalassiosiraceae; Thalassiosira,linear,urn:local:.:td-f0oq3ys,,,,,taxon:159749,,,CCMP1005
To_EJK72152,EJK72152.1,Wed Jul 25 00:00:00 BST 2012,hypothetical protein THAOC_06346 [Thalassiosira oceanica],397636114,Standard,,,Mon Jul 04 12:23:26 BST 2022,AA,Thalassiosira oceanica,VIVQGGSLRTWSFANPAIESVQVLLKTEGRPLDADVELWQGPDNTPHKMRVYVEDGALRTFNAVIGTPRGPNTVAIRNIGQLEFPLDAVVRPDRDDGLAAGIASVATRSETIQGGALRTYPFNPTVDSVAIILKTDGRPLNARIELLQGPNNNKQVVELYTEDGLDRPFFAIVETPGSGNVVRVVNTAPVEFPLYASVDAYRVGGGGDWADDGLMIGRA,219,,8 KB,Eukaryota; Sar; Stramenopiles; Ochrophyta; Bacillariophyta; Coscinodiscophyceae; Thalassiosirophycidae; Thalassiosirales; Thalassiosiraceae; Thalassiosira,linear,urn:local:.:qe-f0oq3yj,,,,,taxon:159749,,,CCMP1005
To_EJK75065,EJK75065.1,Wed Jul 25 00:00:00 BST 2012,hypothetical protein THAOC_03225 [Thalassiosira oceanica],397642175,Standard,,,Mon Jul 04 12:23:28 BST 2022,AA,Thalassiosira oceanica,GRIQGGSRSTYSAPNDRDGSHVFLESDGRPIDTTIELYDGPNNTPTRLKVYSEDGRMRPINTFVENPQRGQRGNTFSIKNTGAMEFPIQGGVSSVGGGPVPSMGGGSTSSLAGSEGAYMTEAEMTGMTRPTSPSMARGERVQGGALKTFPLDHSVEAVQVTITTDGLPMNAKVELWGTSSHIKQVAEIYNDDGARRPFASIIDVPGGSNTVAVYNEGPMEYPIEVVVEPVARSPNWDGRPDPSFGGHLA,249,,8 KB,Eukaryota; Sar; Stramenopiles; Ochrophyta; Bacillariophyta; Coscinodiscophyceae; Thalassiosirophycidae; Thalassiosirales; Thalassiosiraceae; Thalassiosira,linear,urn:local:.:qc-f0oq3yi,,,,,taxon:159749,,,CCMP1005
Tp_Shell1_THAPSDRAFT_7881,,Tue Apr 05 14:32:58 BST 2022,,,,TpShell.fasta,C:\Users\mcken\Downloads,Mon Jul 04 12:23:26 BST 2022,AA,,VIVQGGSLRTWSFANPAIESVQVLLKTEGRPLDADVELWQGPDNTPHKMRVYVEDGALRTFNAVIGTPRGPNTVAIRNIGQLEFPLDAVVRPDRDDGLAAGIASVATRSETIQGGALRTYPFNPTVDSVAIILKTDGRPLNARIELLQGPNNNKQVVELYTEDGLDRPFFAIVETPGSGNVVRVVNTAPVEFPLYASVDAYRVGGGGDWADDGLMIGRA,219,,1 KB,,linear,urn:local:.:r5-f0oq3yl,,,,,,,,
Tp_Shell2_THAPSDRAFT_23918,,Tue Apr 05 14:32:58 BST 2022,,,,TpShell.fasta,C:\Users\mcken\Downloads,Mon Jul 04 12:23:26 BST 2022,AA,,VIVQGGSLRTWSFANPAIESVQVLLKTEGRPLDADVELWQGPDNTPHKMRVYVEDGALRTFNAVIGTPRGPNTVAIRNIGQLEFPLDAVVRPDRDDGLAAGIASVATRSETIQGGALRTYPFNPTVDSVAIILKTDGRPLNARIELLQGPNNNKQVVELYTEDGLDRPFFAIVETPGSGNVVRVVNTAPVEFPLYASVDAYRVGGGMDWPDDGLMIGRS,219,,1 KB,,linear,urn:local:.:sy-f0oq3yq,,,,,,,,
Tp_Shell3_THAPSDRAFT_7883,,Tue Apr 05 14:32:58 BST 2022,,,,TpShell.fasta,C:\Users\mcken\Downloads,Mon Jul 04 12:23:26 BST 2022,AA,,VIVQGGSLRTWSFANPSIDAVQVLLKTEGRPLDADVELWQGPDNTPHKMRVYLEDGALRTFNAVIGTPRGPNTVSVRNIGQLEFPLDAVVRPDREDGLAVSIASVTSRSETIQGGALRTYPFNAVVDSVAVILKTDGRPLNARIELLQGPNNNKQVIELYTEDGLDRPFFAIIETPGAGNVVRIMNTAPLEFPLYASVDAYEMGEYGSWNDEGYQLGAF,219,,1 KB,,linear,urn:local:.:qr-f0oq3yk,,,,,,,,
Tp_Shell4_THAPSDRAFT_24512,,Tue Apr 05 14:32:58 BST 2022,,,,TpShell.fasta,C:\Users\mcken\Downloads,Mon Jul 04 12:23:27 BST 2022,AA,,VRIEGQSREHWEFPDPNQEIVQVCIDSNGRPVESLIELWIGPDWTPMKVKAYTEDGMMRPIQSLIGTRNKAAAIDINNTGPGDFPLNAAAAYASSQMAAQRADLLTANTGRYIEGGAVHSVNFDASVDSVQVLLYTDTRQLNAQVELLNGPNNFKQKYEVFTNNGMLNSLYVVFNTPGSGNVVRVTNLAPLEFPCKAFIASA,202,,1 KB,,linear,urn:local:.:pz-f0oq3yh,,,,,,,,
Tp_Shell5_THAPSDRAFT_3883,,Tue Apr 05 14:32:58 BST 2022,,,,TpShell.fasta,C:\Users\mcken\Downloads,Mon Jul 04 12:23:28 BST 2022,AA,,QMIQGQNARLTYKMPEGADRVQMFINSNGRPLKARVELWCGPIRRTHFMDIDCMNGAETPFRATLKFKNVDSAGPQVLQINTKEDSAFPAMVGVDIMSPERSAERQEKFDAIWKSSTKIYSQGDKTIRSIPIADNCKSVQLLVWSKDVGKKSFKVNIELLQGPNSKRQYYELQCGGGSQPYHAVFETPGNGWTMRVTNTKTLHDGSHEFVLVPYEVDGDMSSSVSANTGAISPFDGGYSPNSTHGGNYGKS,251,,1 KB,,linear,urn:local:.:qf-f0oq3yj,,,,,,,,
Tp_Shell6_THAPSDRAFT_8449,,Tue Apr 05 14:32:58 BST 2022,,,,TpShell.fasta,C:\Users\mcken\Downloads,Mon Jul 04 12:23:28 BST 2022,AA,,SRVQGGSRATFNAPYDREGSHVFLETDGRPLDTEIELWDGPNNTPTKLKVYSEDGRMRPINAMFENPQKGFRGNTFSVRNTGAMEFPVNAGVRSMGGGMPGGLAGGEGAYLREGDIQGYSRPIPSTKRGETVQGGALRTFPLDYSVEAVQITLTSDGMPMEGKIELWGTSSHTKQVAEIYADNGATRPFAAIIDTPGGSNTIAVYNEGPMEYPIRCVVEPIARMEGWNGEEEKFGGSLA,239,,1 KB,,linear,urn:local:.:sk-f0oq3yp,,,,,,,,
Tp_Shell7_THAPSDRAFT_bd1762,XP_002297261.1,Tue Feb 24 00:00:00 GMT 2009,predicted protein [Thalassiosira pseudonana CCMP1335],224015206,Standard,,,Mon Jul 04 12:23:27 BST 2022,AA,Thalassiosira pseudonana CCMP1335,SPPVRIQGSSLKTWSYEPGPSKRIQVSIKSLGRPIEASVELWQTPTYIPTKFTVECEDASENIVHSVFEVPENTPVTIAIYNTENVQFPLEVSVSDTGLESAIDSFEGEQSEHIQGGRIKSFTFGEEIESVEVLLVTKHRNLKAMLEILQGPNDDNEIIEVETEDGRVHPFYTVIQTPGGANTLRVVNRSPVEFPFEAFVRPFVTVEDGNTQYNRGGPY,219,,13 KB,Eukaryota; Sar; Stramenopiles; Ochrophyta; Bacillariophyta; Coscinodiscophyceae; Thalassiosirophycidae; Thalassiosirales; Thalassiosiraceae; Thalassiosira,linear,urn:local:.:qx-f0oq3yk,Unknown,,,,taxon:296543,,,CCMP1335
